,admin_0,admin_1,admin_2,admin_3,population_mean,population_sd,population_sum
0,Ethiopia,Tigray,Northwest Tigray,Tahtay Adiyabo,4.2125154,1.7670405,87607.6796875
1,Ethiopia,Tigray,Northwest Tigray,Zana,7.3560605,2.275458,62916.38671875
2,Ethiopia,Tigray,Northwest Tigray,Tahtay Koraro,6.054163,2.6491883,96479.140625
3,Ethiopia,Tigray,Northwest Tigray,Asgede,5.6356673,3.1413887,120563.828125
4,Ethiopia,Tigray,Northwest Tigray,Tselemti,6.280854,3.2553947,94124.8828125
5,Ethiopia,Tigray,Northwest Tigray,Sheraro town,23.295221,20.592989,27698.017578125
6,Ethiopia,Tigray,Northwest Tigray,Shire Endaslasie town,58.121708,55.313065,77476.234375
7,Ethiopia,Tigray,Northwest Tigray,Selekleka,8.838865,5.3569646,92242.3984375
8,Ethiopia,Tigray,Northwest Tigray,Seyemti Adyabo,7.204694,3.9992242,44705.125
9,Ethiopia,Tigray,Northwest Tigray,Adi Daero,7.1178803,5.100302,71684.171875
10,Ethiopia,Tigray,Northwest Tigray,Adi Hageray,4.041526,2.5178916,31588.56640625
11,Ethiopia,Tigray,Northwest Tigray,Tsimbla,4.988455,2.0223804,87113.390625
12,Ethiopia,Tigray,Northwest Tigray,Endabaguna town,24.12717,13.084426,6273.064453125
13,Ethiopia,Tigray,Northwest Tigray,Dima (TG),7.5763426,3.3119552,91764.6640625
14,Ethiopia,Tigray,Northwest Tigray,May Tsebri town,22.86386,14.163011,5761.6923828125
15,Ethiopia,Tigray,Central Tigray,Chila,7.5175443,3.9458039,83166.59375
16,Ethiopia,Tigray,Central Tigray,Aheferom,9.227799,4.65452,116547.1015625
17,Ethiopia,Tigray,Central Tigray,Endaba Tsahma,7.100649,4.728494,68187.53125
18,Ethiopia,Tigray,Central Tigray,Adwa,6.2077746,2.9500198,127600.8046875
19,Ethiopia,Tigray,Central Tigray,Laelay Maychew,6.8986797,2.9795516,94408.4296875
20,Ethiopia,Tigray,Central Tigray,Tahtay Mayechew,8.82457,6.8442545,87107.328125
21,Ethiopia,Tigray,Central Tigray,Adet,9.360512,3.076067,89149.515625
22,Ethiopia,Tigray,Central Tigray,Kola Temben,6.6118717,2.8164647,97961.4921875
23,Ethiopia,Tigray,Central Tigray,Naeder,9.300435,4.2599764,84280.546875
24,Ethiopia,Tigray,Central Tigray,Abergele (TG),5.902859,2.7378154,94681.859375
25,Ethiopia,Tigray,Central Tigray,Abi Adi town,36.108047,27.09856,21195.423828125
26,Ethiopia,Tigray,Central Tigray,Adwa town,34.596848,32.644405,71580.875
27,Ethiopia,Tigray,Central Tigray,Axum town,46.593414,31.895063,62947.703125
28,Ethiopia,Tigray,Central Tigray,Rama,7.4892325,4.58763,71619.53125
29,Ethiopia,Tigray,Central Tigray,Ahsea,5.700272,3.0828388,35056.671875
30,Ethiopia,Tigray,Central Tigray,Egela,9.591659,6.104522,62604.7578125
31,Ethiopia,Tigray,Central Tigray,Hahayle,7.1145563,3.9998057,54568.6484375
32,Ethiopia,Tigray,Central Tigray,Endafelasi,6.092142,3.0254033,56699.56640625
33,Ethiopia,Tigray,Central Tigray,Emba Sieneti,7.018311,3.2948406,62364.7109375
34,Ethiopia,Tigray,Central Tigray,Enticho town,33.65318,21.591818,11946.87890625
35,Ethiopia,Tigray,Central Tigray,Keyhe tekli,6.807984,3.0960157,90947.859375
36,Ethiopia,Tigray,Central Tigray,Tanqua Melashe,5.935883,2.8066347,51559.08203125
37,Ethiopia,Tigray,East Tigray,Gulo Mekeda,10.038019,5.1988015,89669.625
38,Ethiopia,Tigray,East Tigray,Erob,10.833446,2.3705206,34342.0234375
39,Ethiopia,Tigray,East Tigray,Saesie,7.726334,2.6377177,81651.8984375
40,Ethiopia,Tigray,East Tigray,Ganta Afeshum,7.589724,3.4974635,101914.8125
41,Ethiopia,Tigray,East Tigray,Hawzen,6.671228,2.2279482,139955.6875
42,Ethiopia,Tigray,East Tigray,Kelete Awelallo,8.151436,3.860039,84734.171875
43,Ethiopia,Tigray,East Tigray,Atsbi,8.546537,3.662772,109549.515625
44,Ethiopia,Tigray,East Tigray,Adigrat town,48.174557,40.2162,92013.40625
45,Ethiopia,Tigray,East Tigray,Wukro town,54.598488,42.126488,48647.25390625
46,Ethiopia,Tigray,East Tigray,Bizet,8.01104,5.498946,32228.4140625
47,Ethiopia,Tigray,East Tigray,Edaga Hamus town,33.92253,18.751064,8412.7880859375
48,Ethiopia,Tigray,East Tigray,Hawzen town,28.316257,24.941383,8013.5009765625
49,Ethiopia,Tigray,East Tigray,Freweyni town,29.51867,17.72996,6700.73779296875
50,Ethiopia,Tigray,East Tigray,Tsaeda Emba,6.915744,2.4028194,91101.09375
51,Ethiopia,Tigray,East Tigray,Atsbi town,27.751139,12.504308,3024.8740234375
52,Ethiopia,Tigray,East Tigray,Agulae,9.537289,7.5695786,79808.03125
53,Ethiopia,Tigray,East Tigray,Geraleta,7.8141613,2.3945446,38883.265625
54,Ethiopia,Tigray,East Tigray,Zala Anbesa town,28.173828,20.533583,3127.294921875
55,Ethiopia,Tigray,South Tigray,Selewa,10.08693,4.2343407,36827.3828125
56,Ethiopia,Tigray,South Tigray,Bora (TG),11.205271,4.1595545,28495.00390625
57,Ethiopia,Tigray,South Tigray,Neqsege,12.500392,4.322492,25400.796875
58,Ethiopia,Tigray,South Tigray,Emba Alaje,14.885381,10.436449,80976.46875
59,Ethiopia,Tigray,South Tigray,Endamehoni,13.61619,6.684152,82255.40625
60,Ethiopia,Tigray,South Tigray,Raya Azebo,11.645834,4.87154,108457.6484375
61,Ethiopia,Tigray,South Tigray,Raya Alamata,11.431439,7.3219457,108461.5
62,Ethiopia,Tigray,South Tigray,Ofla,14.475001,6.9467587,123298.0625
63,Ethiopia,Tigray,South Tigray,Maichew town,48.50645,32.977795,41133.46875
64,Ethiopia,Tigray,South Tigray,Korem town,73.107185,61.263176,33117.5546875
65,Ethiopia,Tigray,South Tigray,Alamata town,76.94196,45.724804,59245.3125
66,Ethiopia,Tigray,South Tigray,Mekhoni town,54.314278,25.339418,15045.0546875
67,Ethiopia,Tigray,South Tigray,Zata,13.055312,6.49837,39583.70703125
68,Ethiopia,Tigray,South Tigray,Chercher,11.255288,2.881343,62129.19140625
69,Ethiopia,Tigray,West Tigray,Kafta Humera,8.296271,6.3119955,108606.4921875
70,Ethiopia,Tigray,West Tigray,Welkait,5.4286714,2.63632,140656.875
71,Ethiopia,Tigray,West Tigray,Tsegede (TG),5.584648,3.1117234,116456.6640625
72,Ethiopia,Tigray,West Tigray,Setit Humera town,29.420279,17.892305,30744.19140625
73,Ethiopia,Tigray,West Tigray,May Kadra,10.221948,8.518736,17530.640625
74,Ethiopia,Tigray,West Tigray,Dansha town,9.981123,6.631473,28685.74609375
75,Ethiopia,Tigray,West Tigray,Awra (TG),5.237776,2.1792572,33521.765625
76,Ethiopia,Tigray,West Tigray,Korarit,7.1799035,2.973954,12062.23828125
77,Ethiopia,Tigray,West Tigray,May Gaba,13.054027,11.261389,3981.47802734375
78,Ethiopia,Tigray,Southeast Tigray,Saharti,6.3080087,1.7615638,77966.984375
79,Ethiopia,Tigray,Southeast Tigray,Enderta,8.676021,4.699432,149461.8125
80,Ethiopia,Tigray,Southeast Tigray,Hintalo,9.907244,5.8996406,123008.34375
81,Ethiopia,Tigray,Southeast Tigray,Degua Temben,8.141679,3.4531977,76930.71875
82,Ethiopia,Tigray,Southeast Tigray,Hagere Selam town,32.44629,22.784319,9117.4072265625
83,Ethiopia,Tigray,Southeast Tigray,Samre,6.7505507,4.0851283,90680.1484375
84,Ethiopia,Tigray,Southeast Tigray,Adigudom,28.35012,21.588856,11595.19921875
85,Ethiopia,Tigray,Southeast Tigray,Wajirat,10.292406,4.816873,61682.390625
86,Ethiopia,Tigray,Mekele,Adihaki Sub City,30.5334,12.981429,12182.826171875
87,Ethiopia,Tigray,Mekele,Ayder Sub City,13.743355,10.323584,32173.193359375
88,Ethiopia,Tigray,Mekele,Hadnet Sub City,14.244743,11.995499,30170.3671875
89,Ethiopia,Tigray,Mekele,Hawelti Sub City,19.283443,12.373892,24046.453125
90,Ethiopia,Tigray,Mekele,Kuiha Sub City,72.07883,168.01591,199514.203125
91,Ethiopia,Tigray,Mekele,Qedamay Weyane Sub City,33.94125,22.072624,16529.388671875
92,Ethiopia,Tigray,Mekele,Semen Sub City,23.79276,17.927338,42803.17578125
93,Ethiopia,Afar,Awusi,Dubti,17.070045,10.780626,72223.359375
94,Ethiopia,Afar,Awusi,Elidar,9.667176,4.584714,79493.1875
95,Ethiopia,Afar,Awusi,Asayita,15.04155,4.5529976,44763.65234375
96,Ethiopia,Afar,Awusi,Afambo,14.605014,2.4778886,27603.4765625
97,Ethiopia,Afar,Awusi,Mile,35.608837,16.596684,59110.66796875
98,Ethiopia,Afar,Awusi,Chifra,39.730408,7.5913763,65555.171875
99,Ethiopia,Afar,Awusi,Dubti town,21.44129,10.102889,5424.646484375
100,Ethiopia,Afar,Awusi,Kori,26.853586,8.687966,20167.04296875
101,Ethiopia,Afar,Awusi,Adar,32.787033,13.467434,67901.9453125
102,Ethiopia,Afar,Awusi,Asayita town,35.383663,19.505802,19496.3984375
103,Ethiopia,Afar,Awusi,Chifra town,94.19073,48.127506,16012.423828125
104,Ethiopia,Afar,Awusi,Mile town,65.3107,32.139397,8490.390625
105,Ethiopia,Afar,Awusi,Samera Logiya town,19.1597,11.658076,32878.046875
106,Ethiopia,Afar,Kilbati,Erebti,38.82308,27.2514,62738.09375
107,Ethiopia,Afar,Kilbati,Kunneba,19.404583,7.699833,54041.76171875
108,Ethiopia,Afar,Kilbati,Abaala,24.08005,3.725105,15724.2724609375
109,Ethiopia,Afar,Kilbati,Megale,24.611345,4.2415724,29459.78125
110,Ethiopia,Afar,Kilbati,Berahile,23.474546,8.086,110846.8046875
111,Ethiopia,Afar,Kilbati,Dalol,20.498499,5.857852,80661.59375
112,Ethiopia,Afar,Kilbati,Afdera,29.055038,23.584387,67349.578125
113,Ethiopia,Afar,Kilbati,Bidu,15.1861315,8.021431,21609.865234375
114,Ethiopia,Afar,Kilbati,Abaala town,32.081856,22.464624,27173.33203125
115,Ethiopia,Afar,Kilbati,Wasama,22.141596,5.7797318,22097.3125
116,Ethiopia,Afar,Gabi,Amibara,19.426756,10.114282,32908.92578125
117,Ethiopia,Afar,Gabi,Awash,11.723644,2.171483,21536.333984375
118,Ethiopia,Afar,Gabi,Gewane,11.84226,7.4229302,10444.8740234375
119,Ethiopia,Afar,Gabi,Dulecha,8.970387,4.13664,36913.14453125
120,Ethiopia,Afar,Gabi,Gelalu,12.43443,5.424156,11501.84765625
121,Ethiopia,Afar,Gabi,Arguba,13.752783,5.4406176,22196.9921875
122,Ethiopia,Afar,Gabi,Hanruka,18.076782,7.37462,25596.72265625
123,Ethiopia,Afar,Gabi,Abida,7.49459,1.5455519,2907.90087890625
124,Ethiopia,Afar,Gabi,Borimodaytu,17.736385,8.463208,26161.16796875
125,Ethiopia,Afar,Gabi,Werer,16.785067,4.5769353,8275.0380859375
126,Ethiopia,Afar,Gabi,Awash town,26.174807,15.082231,21384.81640625
127,Ethiopia,Afar,Fanti,Awra (AF),36.678745,5.672343,44234.56640625
128,Ethiopia,Afar,Fanti,Euwa,38.639812,5.9089,57071.00390625
129,Ethiopia,Afar,Fanti,Teru,25.929842,4.407392,89328.3046875
130,Ethiopia,Afar,Fanti,Yalo,31.550936,5.02503,49345.6640625
131,Ethiopia,Afar,Fanti,Gulina,37.282173,6.0477824,52605.1484375
132,Ethiopia,Afar,Fanti,Mabay,27.08778,7.745525,29606.943359375
133,Ethiopia,Afar,Khari,Telalek,28.944647,7.4121666,57570.90234375
134,Ethiopia,Afar,Khari,Samurobi,8.385037,3.25013,46168.015625
135,Ethiopia,Afar,Khari,Dawe,24.809416,10.359216,37139.6953125
136,Ethiopia,Afar,Khari,Dalefage,36.895035,19.868258,66558.640625
137,Ethiopia,Afar,Khari,Hadelela,17.067455,3.8689687,45587.171875
138,Ethiopia,Afar,Mahi,Gerani,11.857033,6.343806,23216.0703125
139,Ethiopia,Afar,Mahi,Kilalu,20.60717,12.508027,14631.0908203125
140,Ethiopia,Afar,Mahi,Sibaybi,7.8618317,2.0846994,12854.0947265625
141,Ethiopia,Afar,Mahi,Yangudi,9.079789,5.5016966,8689.3583984375
142,Ethiopia,Amhara,North Gondar,Addi Arekay,9.2733755,7.196898,129586.1484375
143,Ethiopia,Amhara,North Gondar,Beyeda,10.00392,2.592135,113394.4296875
144,Ethiopia,Amhara,North Gondar,Janamora,11.33589,5.7860546,159994.75
145,Ethiopia,Amhara,North Gondar,Debark,8.61737,4.142614,154707.640625
146,Ethiopia,Amhara,North Gondar,Dabat,8.497664,3.7396448,163979.4375
147,Ethiopia,Amhara,North Gondar,Dabat town,40.33369,24.029573,14923.46484375
148,Ethiopia,Amhara,North Gondar,Telemt,10.489484,2.8856354,80464.828125
149,Ethiopia,Amhara,North Gondar,Debark town,47.234524,24.783361,25081.53125
150,Ethiopia,Amhara,South Gondar,Ebenat,9.307248,2.2197778,205727.421875
151,Ethiopia,Amhara,South Gondar,Libokemekem,10.345238,3.714242,232560.9375
152,Ethiopia,Amhara,South Gondar,Fogera,9.438353,4.2842937,275288.4375
153,Ethiopia,Amhara,South Gondar,Farta,8.541756,3.5842211,184647.125
154,Ethiopia,Amhara,South Gondar,Lay Gayint,10.941625,4.7616467,238965.078125
155,Ethiopia,Amhara,South Gondar,Tach Gayint,9.96597,3.3365378,134201.75
156,Ethiopia,Amhara,South Gondar,Semada,8.913095,2.2016718,155087.859375
157,Ethiopia,Amhara,South Gondar,East Esite,7.6328263,4.3919263,182531.40625
158,Ethiopia,Amhara,South Gondar,Dera (AM),9.652882,4.6006837,304220.21875
159,Ethiopia,Amhara,South Gondar,Debre Tabor town,25.509918,32.17379,110024.28125
160,Ethiopia,Amhara,South Gondar,Andabet/West Esite,17.792913,5.3888702,239973.03125
161,Ethiopia,Amhara,South Gondar,Guna Begemider,9.500861,5.5922813,87673.9453125
162,Ethiopia,Amhara,South Gondar,Mena Meketewa,9.709173,2.7074518,62196.96484375
163,Ethiopia,Amhara,South Gondar,Sede Muja,10.029052,2.7668786,137568.5
164,Ethiopia,Amhara,South Gondar,Nefas Mewicha town,45.601192,27.827429,24533.44140625
165,Ethiopia,Amhara,South Gondar,Hamusit town,37.235954,23.65038,8936.62890625
166,Ethiopia,Amhara,South Gondar,Wegeda town,18.194277,8.566618,6604.5224609375
167,Ethiopia,Amhara,South Gondar,Ebenat town,25.424055,10.979601,5517.02001953125
168,Ethiopia,Amhara,South Gondar,Woreta town,48.189957,25.627352,23372.12890625
169,Ethiopia,Amhara,South Gondar,Mekan Eyesuse,9.43389,6.2167354,6594.2890625
170,Ethiopia,Amhara,South Gondar,Adisezemen town,55.93893,30.692255,20026.13671875
171,Ethiopia,Amhara,North Wollo,Bugna,10.500291,3.4362886,108321.0
172,Ethiopia,Amhara,North Wollo,Raya Kobo,12.614473,7.5312333,244720.78125
173,Ethiopia,Amhara,North Wollo,Gidan,10.541896,5.941824,185431.953125
174,Ethiopia,Amhara,North Wollo,Meket,9.558612,4.6148424,181632.734375
175,Ethiopia,Amhara,North Wollo,Wadla,10.805022,5.437909,160487.0
176,Ethiopia,Amhara,North Wollo,Guba Lafto,7.503832,3.8755999,122252.4296875
177,Ethiopia,Amhara,North Wollo,Habru,12.869412,8.395996,229551.703125
178,Ethiopia,Amhara,North Wollo,Woldiya town,35.49824,50.018604,96093.734375
179,Ethiopia,Amhara,North Wollo,Lasta,12.08418,5.6865363,140224.828125
180,Ethiopia,Amhara,North Wollo,Dawunt,12.031712,5.474907,85280.7734375
181,Ethiopia,Amhara,North Wollo,Gazo,8.1615305,5.3711786,11703.634765625
182,Ethiopia,Amhara,North Wollo,Angot,10.221683,5.5281878,88928.640625
183,Ethiopia,Amhara,North Wollo,Gashena town,16.280079,15.345546,11656.537109375
184,Ethiopia,Amhara,North Wollo,Filakit town,22.455853,14.188993,18683.26953125
185,Ethiopia,Amhara,North Wollo,Hara town,29.390493,18.752495,10404.234375
186,Ethiopia,Amhara,North Wollo,Mersa town,48.304718,27.393272,19418.49609375
187,Ethiopia,Amhara,North Wollo,Lalibela town,50.031086,32.569923,21413.3046875
188,Ethiopia,Amhara,North Wollo,Kobo town,73.71513,30.372046,44523.94140625
189,Ethiopia,Amhara,South Wollo,Argoba,11.473079,7.023954,46993.73046875
190,Ethiopia,Amhara,South Wollo,Tenta,8.969024,5.2135496,211050.09375
191,Ethiopia,Amhara,South Wollo,Kutaber,9.208267,5.247846,114348.2578125
192,Ethiopia,Amhara,South Wollo,Ambasel,10.993767,6.387574,158222.296875
193,Ethiopia,Amhara,South Wollo,Thehulederie,11.016763,7.627615,130691.859375
194,Ethiopia,Amhara,South Wollo,Delanta,8.938387,3.6670825,154357.0
195,Ethiopia,Amhara,South Wollo,Kalu,8.649682,6.3362694,162146.9375
196,Ethiopia,Amhara,South Wollo,Albuko,9.303109,2.9213564,98519.9296875
197,Ethiopia,Amhara,South Wollo,Dessie Zuria,5.8620386,2.619309,110716.3203125
198,Ethiopia,Amhara,South Wollo,Legambo,9.889959,5.9176884,194614.625
199,Ethiopia,Amhara,South Wollo,Sayint,7.8535786,3.3322713,187229.3125
200,Ethiopia,Amhara,South Wollo,Borena /Debresina,13.94096,6.816581,206618.96875
201,Ethiopia,Amhara,South Wollo,Kelela,8.825427,4.262914,163667.546875
202,Ethiopia,Amhara,South Wollo,Jama,9.590747,3.409618,156799.125
203,Ethiopia,Amhara,South Wollo,Were Ilu,9.893288,6.0240197,130433.109375
204,Ethiopia,Amhara,South Wollo,Wegde,11.794292,4.144052,174036.578125
205,Ethiopia,Amhara,South Wollo,Kombolcha town,39.291546,85.553246,206241.328125
206,Ethiopia,Amhara,South Wollo,Dessie town,38.297188,55.477634,280756.6875
207,Ethiopia,Amhara,South Wollo,Mehal Sayint,8.635536,3.526839,94636.84375
208,Ethiopia,Amhara,South Wollo,Legehida,11.57935,6.001755,101655.1171875
209,Ethiopia,Amhara,South Wollo,Mekdela,8.522141,2.6342432,186123.5625
210,Ethiopia,Amhara,South Wollo,Worebabu,11.062999,8.080013,121571.296875
211,Ethiopia,Amhara,South Wollo,Wereilu town,36.150097,19.175516,8422.97265625
212,Ethiopia,Amhara,South Wollo,Akeseta town,26.985332,15.890943,12548.1796875
213,Ethiopia,Amhara,South Wollo,Harbu town,47.18052,24.624924,9766.3671875
214,Ethiopia,Amhara,South Wollo,Wegel tena town,26.779991,17.13757,11220.81640625
215,Ethiopia,Amhara,South Wollo,Degolo town,32.120304,16.13686,9443.369140625
216,Ethiopia,Amhara,South Wollo,Kelela town,21.79961,6.70396,3487.937744140625
217,Ethiopia,Amhara,South Wollo,Tulu Awila,27.79415,14.130145,3279.709716796875
218,Ethiopia,Amhara,South Wollo,Wegde town,25.902285,11.220367,2123.9873046875
219,Ethiopia,Amhara,South Wollo,Mekane Selame,21.51647,13.265685,4475.42578125
220,Ethiopia,Amhara,South Wollo,Hike town,62.759266,26.073786,13493.2421875
221,Ethiopia,Amhara,North Shewa (AM),Mida Woremo,13.102053,7.080491,120931.9453125
222,Ethiopia,Amhara,North Shewa (AM),Merhabete,15.264426,7.8967085,152781.640625
223,Ethiopia,Amhara,North Shewa (AM),Ensaro,14.10789,8.24932,81853.9765625
224,Ethiopia,Amhara,North Shewa (AM),Moretna Jiru,12.898074,7.1542554,109556.2421875
225,Ethiopia,Amhara,North Shewa (AM),Menze Gera Midir,10.178785,3.2857552,144935.71875
226,Ethiopia,Amhara,North Shewa (AM),Gishe Rabel,7.1010556,1.9930304,79432.40625
227,Ethiopia,Amhara,North Shewa (AM),Antsokiya,11.275874,4.928294,99588.5234375
228,Ethiopia,Amhara,North Shewa (AM),Eferatana Gidem,10.30296,7.2253976,133042.125
229,Ethiopia,Amhara,North Shewa (AM),Menze Mama Midir,8.743007,4.2544074,104417.734375
230,Ethiopia,Amhara,North Shewa (AM),Tarema Ber,8.16772,4.333043,101622.765625
231,Ethiopia,Amhara,North Shewa (AM),Mojan Wedera,8.570048,5.34116,89822.671875
232,Ethiopia,Amhara,North Shewa (AM),Kewet,10.064279,7.316883,136220.015625
233,Ethiopia,Amhara,North Shewa (AM),Angolelana Tera,6.857502,4.7194757,104487.7578125
234,Ethiopia,Amhara,North Shewa (AM),Assagirt,7.320988,4.006095,61035.078125
235,Ethiopia,Amhara,North Shewa (AM),Ankober,7.5134172,3.5418115,100071.203125
236,Ethiopia,Amhara,North Shewa (AM),Hagere Mariam,6.857543,3.1111176,67553.65625
237,Ethiopia,Amhara,North Shewa (AM),Berehet,6.2391286,2.9442651,46238.18359375
238,Ethiopia,Amhara,North Shewa (AM),Minjar Shenkora,7.456256,4.627002,158370.875
239,Ethiopia,Amhara,North Shewa (AM),Basona Worena,6.111144,3.0455492,131377.375
240,Ethiopia,Amhara,North Shewa (AM),Debre Berhan town,27.820345,37.379387,111420.484375
241,Ethiopia,Amhara,North Shewa (AM),Menze Keya Gabriel,8.412127,2.933691,60626.1953125
242,Ethiopia,Amhara,North Shewa (AM),Menze Lalo Midir,3.8621035,1.4864877,23582.00390625
243,Ethiopia,Amhara,North Shewa (AM),Siya Debirna Wayu,11.837028,7.432102,75141.453125
244,Ethiopia,Amhara,North Shewa (AM),Tulefa town,7.3884425,3.1097906,6523.99462890625
245,Ethiopia,Amhara,North Shewa (AM),Debre Sina town,26.2742,17.683464,7908.5341796875
246,Ethiopia,Amhara,North Shewa (AM),Arerti town,44.955994,17.039629,9575.626953125
247,Ethiopia,Amhara,North Shewa (AM),Molale town,48.068863,20.98937,7354.5361328125
248,Ethiopia,Amhara,North Shewa (AM),Enewari town,48.169754,21.437208,7803.5
249,Ethiopia,Amhara,North Shewa (AM),Shoa Robit,40.422516,20.411871,21019.708984375
250,Ethiopia,Amhara,North Shewa (AM),Mehale Meda town,47.421406,26.647562,13277.994140625
251,Ethiopia,Amhara,North Shewa (AM),Ataye town,36.273182,22.089249,10918.2275390625
252,Ethiopia,Amhara,North Shewa (AM),Aleme Ketma,44.893105,26.795582,13512.82421875
253,Ethiopia,Amhara,East Gojam,Bibugn,8.2485695,4.5439944,104270.171875
254,Ethiopia,Amhara,East Gojam,Hulet Ej Enese,9.077432,4.4819946,357351.25
255,Ethiopia,Amhara,East Gojam,Goncha Siso Enebse,7.881218,3.6024196,108855.3828125
256,Ethiopia,Amhara,East Gojam,Enebse Sarmder,9.335269,4.048633,149644.359375
257,Ethiopia,Amhara,East Gojam,Enarj Enawga,10.261731,4.1965594,202125.3125
258,Ethiopia,Amhara,East Gojam,Enemay,13.231099,8.162679,192777.109375
259,Ethiopia,Amhara,East Gojam,Debay Telatgen,10.971642,6.914049,161930.453125
260,Ethiopia,Amhara,East Gojam,Debre Elias,8.794899,4.9136014,109593.234375
261,Ethiopia,Amhara,East Gojam,Michakel,8.206583,4.1124697,149047.953125
262,Ethiopia,Amhara,East Gojam,Guzamn,8.233998,3.5947433,191094.625
263,Ethiopia,Amhara,East Gojam,Baso Liben,10.063686,3.4361007,185886.34375
264,Ethiopia,Amhara,East Gojam,Awabel,9.717362,4.9226933,150405.328125
265,Ethiopia,Amhara,East Gojam,Dejen,12.44862,7.6789956,122942.5703125
266,Ethiopia,Amhara,East Gojam,Shebel Bernta,12.044684,4.7156305,134189.828125
267,Ethiopia,Amhara,East Gojam,Debre Markos town,29.743,25.166508,100114.9375
268,Ethiopia,Amhara,East Gojam,Senan,5.8433185,3.2268238,75670.9765625
269,Ethiopia,Amhara,East Gojam,Aneded,9.150592,4.6811004,120531.6015625
270,Ethiopia,Amhara,East Gojam,Sedae,6.8256903,1.4678894,64373.0859375
271,Ethiopia,Amhara,East Gojam,Merto Lemariyam town,29.741255,22.689543,23406.3671875
272,Ethiopia,Amhara,East Gojam,Amanuel town,44.132645,20.752167,10900.763671875
273,Ethiopia,Amhara,East Gojam,Lumame town,50.896915,22.240294,7838.125
274,Ethiopia,Amhara,East Gojam,Gundwoin town,42.248043,25.364122,17194.953125
275,Ethiopia,Amhara,East Gojam,Debrework town,44.176514,20.63909,12943.71875
276,Ethiopia,Amhara,East Gojam,Mota town,42.527054,23.565323,23815.150390625
277,Ethiopia,Amhara,East Gojam,Dejen town,46.56841,22.850296,10664.166015625
278,Ethiopia,Amhara,East Gojam,Bechena town,59.062145,31.100616,22857.05078125
279,Ethiopia,Amhara,West Gojam,Sekela,8.712892,5.571033,178387.75
280,Ethiopia,Amhara,West Gojam,Quarit,8.352196,4.8510017,149237.03125
281,Ethiopia,Amhara,West Gojam,Dega Damot,7.877447,4.5425696,202237.703125
282,Ethiopia,Amhara,West Gojam,Dembecha,8.033124,3.3528,157698.25
283,Ethiopia,Amhara,West Gojam,Jabi Tehnan,10.222266,5.045781,225421.40625
284,Ethiopia,Amhara,West Gojam,Bure (AM),10.8600445,8.320176,154288.65625
285,Ethiopia,Amhara,West Gojam,Wemberma,7.5068607,3.8215737,129530.8828125
286,Ethiopia,Amhara,West Gojam,Finote Selam town,24.043224,24.509941,33732.64453125
287,Ethiopia,Amhara,West Gojam,Denbecha town,35.385117,22.909115,16206.3837890625
288,Ethiopia,Amhara,West Gojam,Jiga town,50.28902,33.257336,10912.7177734375
289,Ethiopia,Amhara,West Gojam,Shendi town,28.567945,15.197083,5570.74951171875
290,Ethiopia,Amhara,West Gojam,Bure town,38.294636,25.728827,32856.796875
291,Ethiopia,Amhara,Wag Himra,Zequala,5.10489,2.6793957,59819.09765625
292,Ethiopia,Amhara,Wag Himra,Sekota,8.480508,3.5799096,106006.34375
293,Ethiopia,Amhara,Wag Himra,Dehana,11.330074,5.313518,135145.125
294,Ethiopia,Amhara,Wag Himra,Gaz Gibla,12.941214,6.9969935,93862.625
295,Ethiopia,Amhara,Wag Himra,Abergele (AM),8.535947,4.5331826,61006.41015625
296,Ethiopia,Amhara,Wag Himra,Sahila,7.2761645,2.3925817,32182.4765625
297,Ethiopia,Amhara,Wag Himra,Sekota town,27.52019,28.421698,28923.71875
298,Ethiopia,Amhara,Wag Himra,Tsagbeji,6.9448113,1.7254678,32244.759765625
299,Ethiopia,Amhara,Wag Himra,Amde Work town,47.913506,25.48108,4647.60986328125
300,Ethiopia,Amhara,Awi,Dangila,8.19648,3.2536645,177789.84375
301,Ethiopia,Amhara,Awi,Banja,9.994075,5.241559,112173.5
302,Ethiopia,Amhara,Awi,Ankasha,11.3736515,2.9197006,123631.59375
303,Ethiopia,Amhara,Awi,Guangua,10.268692,4.20381,256624.875
304,Ethiopia,Amhara,Awi,Fagta Lakoma,8.864778,2.7407105,153094.703125
305,Ethiopia,Amhara,Awi,Jawi,4.686346,2.0841582,105217.84375
306,Ethiopia,Amhara,Awi,Guagusa Shikudad,10.266786,4.0659556,91169.0546875
307,Ethiopia,Amhara,Awi,Ayehu Guwagusa,13.006989,5.7772474,121732.40625
308,Ethiopia,Amhara,Awi,Agew Gimija Bet town,32.53886,25.729975,14317.0986328125
309,Ethiopia,Amhara,Awi,Tilili town,57.360886,41.535152,15143.2734375
310,Ethiopia,Amhara,Awi,Adiss Kidame town,45.467,21.5394,9184.333984375
311,Ethiopia,Amhara,Awi,Fendika town,22.06013,9.33514,3397.259765625
312,Ethiopia,Amhara,Awi,Injibara town,28.486277,30.08643,33357.4296875
313,Ethiopia,Amhara,Awi,Zigem town,17.128633,7.4390597,2398.0087890625
314,Ethiopia,Amhara,Awi,Dangila town,39.2272,25.735106,29773.4453125
315,Ethiopia,Amhara,Awi,Chagni town,39.75087,26.044481,35219.26953125
316,Ethiopia,Amhara,Oromia,Dewa Cheffa,10.89609,8.589762,176015.4375
317,Ethiopia,Amhara,Oromia,Bati,13.327697,6.4921303,121215.40625
318,Ethiopia,Amhara,Oromia,Jilye Tumuga,10.400051,8.965531,96429.2734375
319,Ethiopia,Amhara,Oromia,Artuma Fursi,10.457023,6.58659,95702.671875
320,Ethiopia,Amhara,Oromia,Dewa Harewa,11.162606,6.809136,53614.0
321,Ethiopia,Amhara,Oromia,Kemisie town,63.689793,29.129454,23947.361328125
322,Ethiopia,Amhara,Oromia,Chef Robit town,47.98537,19.511324,7053.849609375
323,Ethiopia,Amhara,Oromia,Senbete town,10.624069,3.9834769,191.23324584960938
324,Ethiopia,Amhara,Oromia,Bati town,63.859097,29.947165,21967.529296875
325,Ethiopia,Amhara,Central Gondar,Chilga 1,9.908677,5.628578,115327.09375
326,Ethiopia,Amhara,Central Gondar,Tsegede (AM),8.080422,3.643363,92577.3984375
327,Ethiopia,Amhara,Central Gondar,Lay Armacho,8.893492,5.0735784,216707.71875
328,Ethiopia,Amhara,Central Gondar,Wegera,7.824341,3.8425698,190444.453125
329,Ethiopia,Amhara,Central Gondar,Gonder Zuria,7.846616,6.3308535,158548.71875
330,Ethiopia,Amhara,Central Gondar,East Dembia,13.358991,6.4420247,131532.625
331,Ethiopia,Amhara,Central Gondar,Chilga 2,8.605893,3.7292862,68477.09375
332,Ethiopia,Amhara,Central Gondar,Alfa,8.932186,3.121269,223626.203125
333,Ethiopia,Amhara,Central Gondar,West Belesa,7.2937713,2.2306426,139748.65625
334,Ethiopia,Amhara,Central Gondar,East Belesa,7.307517,3.3380432,130680.328125
335,Ethiopia,Amhara,Central Gondar,Gonder town,33.015816,44.787876,357627.3125
336,Ethiopia,Amhara,Central Gondar,Tach Armacho,7.6054397,6.2268987,74327.9609375
337,Ethiopia,Amhara,Central Gondar,Takusa,10.764217,6.626251,164810.9375
338,Ethiopia,Amhara,Central Gondar,Kinfaz Begela,7.6619115,2.1292565,208273.734375
339,Ethiopia,Amhara,Central Gondar,West Dembiya,13.979464,7.9012723,192888.640625
340,Ethiopia,Amhara,Central Gondar,Masero Denb/Central Armacho,7.167477,4.262896,52609.28125
341,Ethiopia,Amhara,Central Gondar,Amba Giorgis town,33.142624,19.518774,12229.62890625
342,Ethiopia,Amhara,Central Gondar,Kollo Debba town,61.486256,32.089844,14695.21484375
343,Ethiopia,Amhara,Central Gondar,Shawra town,17.670183,8.592863,4064.142333984375
344,Ethiopia,Amhara,Central Gondar,Aykel town,46.289623,20.954319,14396.072265625
345,Ethiopia,Amhara,West Gondar,Mirab Armacho,7.7677994,4.10071,22145.99609375
346,Ethiopia,Amhara,West Gondar,Metema,7.0458817,3.9445415,138430.4375
347,Ethiopia,Amhara,West Gondar,Quara,6.769913,2.5356216,122129.234375
348,Ethiopia,Amhara,West Gondar,Midre Genet,11.45526,3.7365336,5475.6142578125
349,Ethiopia,Amhara,West Gondar,Metema Yohanes town,17.605215,13.635827,3802.7265625
350,Ethiopia,Amhara,West Gondar,Adagn Ager Chaqo,7.8862123,3.7838295,80817.90625
351,Ethiopia,Amhara,West Gondar,Gendawuha town,25.275156,21.702429,14128.8125
352,Ethiopia,Amhara,North Gojam,Semen Achefer,10.34192,5.7805104,241628.609375
353,Ethiopia,Amhara,North Gojam,Yilmana Densa,6.745371,3.0476556,196533.125
354,Ethiopia,Amhara,North Gojam,Mecha,7.10836,4.375985,140603.359375
355,Ethiopia,Amhara,North Gojam,Debub Achefer,6.1986527,2.7929556,162714.640625
356,Ethiopia,Amhara,North Gojam,Debub Mecha,6.305996,2.0742333,227715.8125
357,Ethiopia,Amhara,North Gojam,Gonje,11.5039015,7.0054035,171580.6875
358,Ethiopia,Amhara,North Gojam,Dure Bete,41.36926,21.524555,9556.298828125
359,Ethiopia,Amhara,North Gojam,Merawi town,36.023254,17.629688,8969.7900390625
360,Ethiopia,Amhara,North Gojam,Adete town,47.513443,24.57466,14919.220703125
361,Ethiopia,Amhara,Bahir Dar,Bahirdar Zuria,3.5024526,1.780905,132270.125
362,Ethiopia,Amhara,Bahir Dar,Bahir Dar town,35.030304,113.168335,376295.53125
363,Ethiopia,Amhara,Bahir Dar,Deq,3.11733,0.5362689,3865.4892578125
364,Ethiopia,Amhara,Bahir Dar,Meshenti town,3.8465443,2.7464223,6146.77783203125
365,Ethiopia,Amhara,Bahir Dar,Tis Abay town,8.304711,10.984257,18477.982421875
366,Ethiopia,Amhara,Bahir Dar,Zege town,3.9717002,3.115103,3614.2470703125
367,Ethiopia,Oromia,West Wellega,Mana Sibu,8.7335825,3.182516,158427.1875
368,Ethiopia,Oromia,West Wellega,Nejo,9.905515,4.0489354,90100.5625
369,Ethiopia,Oromia,West Wellega,Gimbi,12.432166,6.641732,92433.15625
370,Ethiopia,Oromia,West Wellega,Lalo Asabi,14.900843,12.802808,107062.5546875
371,Ethiopia,Oromia,West Wellega,Kiltu Kara,10.094587,6.745213,58467.8515625
372,Ethiopia,Oromia,West Wellega,Boji Dirmeji,11.606348,10.37012,59795.90625
373,Ethiopia,Oromia,West Wellega,Ayira,12.268376,8.046069,81376.140625
374,Ethiopia,Oromia,West Wellega,Jarso (West Wellega),10.760911,6.6626334,69655.375
375,Ethiopia,Oromia,West Wellega,Gudetu Kondole,9.966361,5.358106,164574.515625
376,Ethiopia,Oromia,West Wellega,Boji Chekorsa,7.4775176,2.8341563,48259.8984375
377,Ethiopia,Oromia,West Wellega,Babo,10.496316,6.774076,102423.046875
378,Ethiopia,Oromia,West Wellega,Yubdo,10.274341,6.104172,47477.7265625
379,Ethiopia,Oromia,West Wellega,Gaji,15.5763445,11.157974,100685.4921875
380,Ethiopia,Oromia,West Wellega,Haru,12.830788,8.948786,92548.46875
381,Ethiopia,Oromia,West Wellega,Nole Kaba,14.592722,13.354186,127759.28125
382,Ethiopia,Oromia,West Wellega,Begi,11.326732,7.3744755,151268.5
383,Ethiopia,Oromia,West Wellega,Homa,13.689503,9.143389,31567.9921875
384,Ethiopia,Oromia,West Wellega,Sayo Nole,7.861561,3.08325,77239.8359375
385,Ethiopia,Oromia,West Wellega,Guliso,13.14547,13.460965,110474.5234375
386,Ethiopia,Oromia,West Wellega,Gimbi town,38.782333,29.250772,56505.859375
387,Ethiopia,Oromia,West Wellega,Leta Sibu,12.274957,9.170326,51738.94140625
388,Ethiopia,Oromia,West Wellega,Mendi town,26.192144,17.483364,25380.1875
389,Ethiopia,Oromia,West Wellega,Nejo town,31.693913,24.680887,32454.56640625
390,Ethiopia,Oromia,East Wellega,Limu (OR),11.763487,6.7992635,111917.8125
391,Ethiopia,Oromia,East Wellega,Ibantu,9.134379,5.011633,50841.95703125
392,Ethiopia,Oromia,East Wellega,Gida Ayana,8.590636,6.3517036,141693.953125
393,Ethiopia,Oromia,East Wellega,Haro Limu,9.784331,4.922859,79302.0078125
394,Ethiopia,Oromia,East Wellega,Boneya Boshe,7.7639256,3.7427745,67452.984375
395,Ethiopia,Oromia,East Wellega,Wayu Tuka,8.852302,4.670929,74660.3125
396,Ethiopia,Oromia,East Wellega,Bila Seyo,8.008503,5.903522,65685.7421875
397,Ethiopia,Oromia,East Wellega,Gobu Seyo,7.9357224,5.045461,49598.265625
398,Ethiopia,Oromia,East Wellega,Sibu Sire,8.786782,5.4298987,155824.796875
399,Ethiopia,Oromia,East Wellega,Diga,10.699814,6.2509665,84442.9296875
400,Ethiopia,Oromia,East Wellega,Sasiga,10.929207,4.7526975,104898.5234375
401,Ethiopia,Oromia,East Wellega,Leka Dulecha,12.865875,8.496111,113103.90625
402,Ethiopia,Oromia,East Wellega,Guto Gida,11.213477,6.346272,130513.6640625
403,Ethiopia,Oromia,East Wellega,Jimma Arjo,11.775818,6.993351,130063.90625
404,Ethiopia,Oromia,East Wellega,Nunu Kumba,10.728928,4.3759923,91710.875
405,Ethiopia,Oromia,East Wellega,Wama Hagalo,7.848552,3.2838664,79129.1015625
406,Ethiopia,Oromia,East Wellega,Kiremu,6.967166,3.5166874,83543.2890625
407,Ethiopia,Oromia,East Wellega,Nekemte town,38.87738,28.98611,144779.359375
408,Ethiopia,Oromia,Ilubabor,Darimu,11.0495615,3.8108242,232869.515625
409,Ethiopia,Oromia,Ilubabor,Alge Sachi,10.226994,6.36062,114552.5546875
410,Ethiopia,Oromia,Ilubabor,Yayu,13.747355,11.536562,85288.59375
411,Ethiopia,Oromia,Ilubabor,Metu Zuria,10.983994,4.4540787,74504.4296875
412,Ethiopia,Oromia,Ilubabor,Ale,15.701387,15.466,111683.96875
413,Ethiopia,Oromia,Ilubabor,Bure (OR),14.577788,9.009981,70396.140625
414,Ethiopia,Oromia,Ilubabor,Sale Nono,10.21373,5.9556403,33950.4375
415,Ethiopia,Oromia,Ilubabor,Becho (Ilu Aba Bora),8.252699,4.7675014,45167.0234375
416,Ethiopia,Oromia,Ilubabor,Bilo Nopha,10.139241,5.3864307,37494.9140625
417,Ethiopia,Oromia,Ilubabor,Hurumu,9.166283,5.78375,46207.23046875
418,Ethiopia,Oromia,Ilubabor,Didu,7.8545027,4.252307,33790.0703125
419,Ethiopia,Oromia,Ilubabor,Halu /Huka,11.422558,6.803025,33216.796875
420,Ethiopia,Oromia,Ilubabor,Metu town,27.273077,23.599464,59128.03125
421,Ethiopia,Oromia,Ilubabor,Dorani,16.57735,11.228815,66209.9375
422,Ethiopia,Oromia,Jimma,Limu Seka,7.856538,2.7549918,175067.234375
423,Ethiopia,Oromia,Jimma,Limu Kosa,9.971271,6.8734155,224094.34375
424,Ethiopia,Oromia,Jimma,Sekoru,10.857456,7.131653,194109.59375
425,Ethiopia,Oromia,Jimma,Tiro Afeta,8.556413,3.928599,167431.890625
426,Ethiopia,Oromia,Jimma,Kersa (Jimma),8.650886,4.7576017,240996.375
427,Ethiopia,Oromia,Jimma,Mena (Jimma),14.2900505,9.237072,210006.578125
428,Ethiopia,Oromia,Jimma,Goma,18.409798,11.985691,325061.8125
429,Ethiopia,Oromia,Jimma,Gera,10.3650055,5.860419,172722.453125
430,Ethiopia,Oromia,Jimma,Seka Chekorsa,12.832527,10.337644,314268.59375
431,Ethiopia,Oromia,Jimma,Dedo,11.601193,6.7835,244471.953125
432,Ethiopia,Oromia,Jimma,Omo Nada,10.424093,7.2163773,240431.71875
433,Ethiopia,Oromia,Jimma,Sigmo,10.32818,6.612106,150677.828125
434,Ethiopia,Oromia,Jimma,Setema,7.9633694,4.1262326,134262.40625
435,Ethiopia,Oromia,Jimma,Shebe Sambo,7.314253,4.886261,112346.921875
436,Ethiopia,Oromia,Jimma,Chora (Jimma),6.589098,2.578157,83674.953125
437,Ethiopia,Oromia,Jimma,Gumay,9.412037,7.432667,62157.09375
438,Ethiopia,Oromia,Jimma,Agaro town,43.976044,26.443,75418.9140625
439,Ethiopia,Oromia,Jimma,Jimma town,38.998417,31.64382,223382.9375
440,Ethiopia,Oromia,Jimma,Mancho,10.351192,4.2972126,194053.8125
441,Ethiopia,Oromia,Jimma,Omo Beyam,8.086886,1.7849152,102622.59375
442,Ethiopia,Oromia,Jimma,Botor Tolay,8.133936,3.9165893,80802.5234375
443,Ethiopia,Oromia,Jimma,Nono Benja,7.8270555,4.5106583,108169.90625
444,Ethiopia,Oromia,West Shewa,Illu Galan,12.296986,8.001617,91907.671875
445,Ethiopia,Oromia,West Shewa,Ginde Beret,8.8922415,5.1895113,141039.84375
446,Ethiopia,Oromia,West Shewa,Jeldu,12.869215,10.043067,217219.484375
447,Ethiopia,Oromia,West Shewa,Ambo Zuria,7.186049,2.5649524,105764.265625
448,Ethiopia,Oromia,West Shewa,Mida Kegn,13.385962,7.929261,137072.25
449,Ethiopia,Oromia,West Shewa,Cheliya,11.0403,8.941015,89316.03125
450,Ethiopia,Oromia,West Shewa,Bako Tibe,14.846844,12.091254,179914.046875
451,Ethiopia,Oromia,West Shewa,Dano,10.281133,5.3084836,147308.0625
452,Ethiopia,Oromia,West Shewa,Nono,8.369524,5.921966,120244.953125
453,Ethiopia,Oromia,West Shewa,Tikur Enchini,8.0201235,4.976289,86400.7890625
454,Ethiopia,Oromia,West Shewa,Dendi,10.124793,9.48837,161510.703125
455,Ethiopia,Oromia,West Shewa,Ejere /Addis Alem,10.727405,8.503489,120726.2109375
456,Ethiopia,Oromia,West Shewa,Adda Berga,11.620148,8.450897,169723.875
457,Ethiopia,Oromia,West Shewa,Meta Robi,12.032759,7.3884516,108836.3046875
458,Ethiopia,Oromia,West Shewa,Ambo town,37.21303,42.157444,111639.09375
459,Ethiopia,Oromia,West Shewa,Abuna Ginde Beret,11.382449,5.484897,173081.515625
460,Ethiopia,Oromia,West Shewa,Toke Kutaye,15.000193,14.971787,166922.140625
461,Ethiopia,Oromia,West Shewa,Jibat,10.641993,5.9465647,95458.671875
462,Ethiopia,Oromia,West Shewa,Ifata,11.204126,6.097623,87605.0625
463,Ethiopia,Oromia,West Shewa,Holeta town,25.621702,20.641232,71868.875
464,Ethiopia,Oromia,West Shewa,Welmera,6.5255156,3.5065696,60406.69921875
465,Ethiopia,Oromia,West Shewa,Ejersa Lafo,9.60564,7.5811367,69429.5703125
466,Ethiopia,Oromia,West Shewa,Cobi,10.546042,2.963585,76986.109375
467,Ethiopia,Oromia,West Shewa,Meta Walkite,11.944414,6.8899875,89642.828125
468,Ethiopia,Oromia,West Shewa,Liban Jawi,9.484242,5.829571,69946.2890625
469,Ethiopia,Oromia,North Shewa (OR),Wara Jarso,11.940109,8.654903,203340.0625
470,Ethiopia,Oromia,North Shewa (OR),Dera (OR),16.907602,11.195526,266244.0
471,Ethiopia,Oromia,North Shewa (OR),Hidabu Abote,17.018633,14.224465,126533.5390625
472,Ethiopia,Oromia,North Shewa (OR),Kuyu,9.070799,4.0003824,119689.1875
473,Ethiopia,Oromia,North Shewa (OR),Degem,14.246562,10.179624,142323.15625
474,Ethiopia,Oromia,North Shewa (OR),Gerar Jarso,12.259871,6.312852,104834.15625
475,Ethiopia,Oromia,North Shewa (OR),Debre Libanos,19.634884,15.401676,87100.34375
476,Ethiopia,Oromia,North Shewa (OR),Wuchale,13.990351,9.7845545,166359.265625
477,Ethiopia,Oromia,North Shewa (OR),Abichugna Gne'a,10.196055,6.601661,96311.9375
478,Ethiopia,Oromia,North Shewa (OR),Kimbibit,13.433331,5.848195,107990.546875
479,Ethiopia,Oromia,North Shewa (OR),Bereh,4.238784,1.9381758,17179.791015625
480,Ethiopia,Oromia,North Shewa (OR),Fiche town,34.07143,20.92786,39522.859375
481,Ethiopia,Oromia,North Shewa (OR),Yaya Gulele,12.4878025,7.4137635,73378.328125
482,Ethiopia,Oromia,North Shewa (OR),Jida,11.862066,8.286039,94279.703125
483,Ethiopia,Oromia,North Shewa (OR),Mulo,6.161802,4.3210173,30679.611328125
484,Ethiopia,Oromia,North Shewa (OR),Aleltu,10.856936,8.520195,71102.078125
485,Ethiopia,Oromia,North Shewa (OR),Sendafa town,10.671704,14.280192,37873.87890625
486,Ethiopia,Oromia,North Shewa (OR),Chancho town,14.702082,12.640149,18818.6640625
487,Ethiopia,Oromia,North Shewa (OR),Garba Guracha,33.96702,25.066114,35019.99609375
488,Ethiopia,Oromia,North Shewa (OR),Sheno town,31.640104,24.052048,14111.486328125
489,Ethiopia,Oromia,North Shewa (OR),Sululta (North Shewa),6.752248,3.8567474,90473.3671875
490,Ethiopia,Oromia,East Shewa,Fentale,16.476463,10.320806,118465.765625
491,Ethiopia,Oromia,East Shewa,Boset,12.4874735,10.661805,194242.65625
492,Ethiopia,Oromia,East Shewa,Adama,6.674983,2.2001264,47278.90625
493,Ethiopia,Oromia,East Shewa,Lome (OR),9.443195,6.1232877,103053.59375
494,Ethiopia,Oromia,East Shewa,Gimbichu,12.048663,8.797854,123390.359375
495,Ethiopia,Oromia,East Shewa,Ada'a,7.285617,3.945421,69482.9296875
496,Ethiopia,Oromia,East Shewa,Dugda,9.195047,8.148268,197905.0
497,Ethiopia,Oromia,East Shewa,Adama Tulu Jido Kombolcha,8.805608,5.021409,186062.5
498,Ethiopia,Oromia,East Shewa,Bishoftu town,21.443665,28.009583,312863.0625
499,Ethiopia,Oromia,East Shewa,Bora (OR),10.49741,8.193032,98801.6171875
500,Ethiopia,Oromia,East Shewa,Liben Chukala,5.622297,1.371575,103354.6796875
501,Ethiopia,Oromia,East Shewa,Akaki,4.468426,1.236203,18655.6796875
502,Ethiopia,Oromia,East Shewa,Adama town,31.326075,41.64087,510896.9375
503,Ethiopia,Oromia,East Shewa,Batu town,22.482359,27.49546,120752.75
504,Ethiopia,Oromia,East Shewa,Mojo town,30.766249,19.465485,71962.2578125
505,Ethiopia,Oromia,East Shewa,Metehara town,59.291378,33.8958,14348.513671875
506,Ethiopia,Oromia,Arsi,Merti,9.495474,7.519038,125017.40625
507,Ethiopia,Oromia,Arsi,Aseko,11.083578,5.969345,114881.2890625
508,Ethiopia,Oromia,Arsi,Golocha,9.2920685,4.420027,157890.828125
509,Ethiopia,Oromia,Arsi,Jeju,10.085831,6.6567574,192538.515625
510,Ethiopia,Oromia,Arsi,Dodota,9.883532,4.8235044,63383.0859375
511,Ethiopia,Oromia,Arsi,Ziway Dugda,8.341794,4.1940966,147941.71875
512,Ethiopia,Oromia,Arsi,Hitosa,12.807584,11.290943,186440.0
513,Ethiopia,Oromia,Arsi,Sude,8.785462,3.457793,212423.703125
514,Ethiopia,Oromia,Arsi,Chole,10.712328,7.2952447,126126.953125
515,Ethiopia,Oromia,Arsi,Amigna,8.570083,4.5563316,103063.8125
516,Ethiopia,Oromia,Arsi,Seru,8.417837,4.4536695,73285.6875
517,Ethiopia,Oromia,Arsi,Robe,9.929441,6.5598702,242427.3125
518,Ethiopia,Oromia,Arsi,Tena,9.41361,6.3737454,95275.15625
519,Ethiopia,Oromia,Arsi,Shirka,9.966435,6.014095,254044.4375
520,Ethiopia,Oromia,Arsi,Degeluna Tijo,10.332378,6.2922163,197854.71875
521,Ethiopia,Oromia,Arsi,Tiyo,10.379802,13.507548,133515.390625
522,Ethiopia,Oromia,Arsi,Munessa,9.515344,5.775195,246142.90625
523,Ethiopia,Oromia,Arsi,Limu Bilbilo,9.841035,5.4118547,231972.875
524,Ethiopia,Oromia,Arsi,Guna,8.632588,5.4863873,112042.359375
525,Ethiopia,Oromia,Arsi,Sire,11.019521,6.9146147,107892.125
526,Ethiopia,Oromia,Arsi,Lude Hitosa,11.114124,8.7498,149418.28125
527,Ethiopia,Oromia,Arsi,Diksis,9.524935,5.530044,100221.3671875
528,Ethiopia,Oromia,Arsi,Bele Gesgar,9.113997,5.866068,114025.2265625
529,Ethiopia,Oromia,Arsi,Inkolo Wabe,9.893295,3.6906056,85468.1796875
530,Ethiopia,Oromia,Arsi,Asela town,77.0026,51.26902,91556.09375
531,Ethiopia,Oromia,Arsi,Dera town,33.701733,22.93825,38318.87109375
532,Ethiopia,Oromia,Arsi,Shanan Kolu,9.462212,3.4440787,97214.765625
533,Ethiopia,Oromia,Arsi,Bekoji town,28.150635,25.349447,32879.94140625
534,Ethiopia,Oromia,West Hararge,Mieso,15.072122,11.931869,118979.328125
535,Ethiopia,Oromia,West Hararge,Doba,12.893857,7.5790057,177638.671875
536,Ethiopia,Oromia,West Hararge,Tulo (OR),13.665907,9.365937,217000.9375
537,Ethiopia,Oromia,West Hararge,Mesela,10.216778,5.091279,197112.296875
538,Ethiopia,Oromia,West Hararge,Chiro town,98.78606,51.091244,59370.41796875
539,Ethiopia,Oromia,West Hararge,Anchar,11.074129,5.879943,113066.859375
540,Ethiopia,Oromia,West Hararge,Goba Koricha,15.759522,8.760289,130709.4765625
541,Ethiopia,Oromia,West Hararge,Habro,17.679464,13.356692,284338.8125
542,Ethiopia,Oromia,West Hararge,Daro Lebu,9.222829,3.9858077,210935.328125
543,Ethiopia,Oromia,West Hararge,Boke,9.044443,4.514766,136290.71875
544,Ethiopia,Oromia,West Hararge,Kuni /Oda Bultum,12.462739,7.097519,238636.53125
545,Ethiopia,Oromia,West Hararge,Gemechis,11.8979645,4.9961925,266954.625
546,Ethiopia,Oromia,West Hararge,Chiro Zuria,16.788252,11.010486,253603.34375
547,Ethiopia,Oromia,West Hararge,Bedesa town,95.24226,50.205956,26477.349609375
548,Ethiopia,Oromia,West Hararge,Hawi Gudina,8.683582,2.510279,93912.9375
549,Ethiopia,Oromia,West Hararge,Gumbi Bordede,14.32315,6.669108,108784.3203125
550,Ethiopia,Oromia,West Hararge,Burqua Dhintu,11.398222,3.0693774,82956.2578125
551,Ethiopia,Oromia,East Hararge,Babile town,20.820112,8.750847,7495.240234375
552,Ethiopia,Oromia,East Hararge,Kombolcha,12.409833,9.103516,190106.234375
553,Ethiopia,Oromia,East Hararge,Jarso (East Hararghe),12.66629,8.121631,167663.6875
554,Ethiopia,Oromia,East Hararge,Gursum (OR),11.525688,5.9486246,251087.109375
555,Ethiopia,Oromia,East Hararge,Babile (OR),6.0628495,2.7193363,131260.6875
556,Ethiopia,Oromia,East Hararge,Fedis,10.565935,7.2195888,125269.7265625
557,Ethiopia,Oromia,East Hararge,Haro Maya,10.49783,6.8110175,91509.5859375
558,Ethiopia,Oromia,East Hararge,Kurfa Chele,17.926428,12.947257,85706.25
559,Ethiopia,Oromia,East Hararge,Kersa (East Hararge),18.742348,13.170735,232929.90625
560,Ethiopia,Oromia,East Hararge,Meta,15.607376,12.905928,242928.8125
561,Ethiopia,Oromia,East Hararge,Goro Gutu,17.91826,13.4610195,284972.03125
562,Ethiopia,Oromia,East Hararge,Deder,13.370185,8.081077,330016.28125
563,Ethiopia,Oromia,East Hararge,Melka Balo,10.697236,3.2280703,262296.21875
564,Ethiopia,Oromia,East Hararge,Bedeno,12.059595,6.165145,334846.71875
565,Ethiopia,Oromia,East Hararge,Midhaga Tola,19.85276,14.691381,147843.5
566,Ethiopia,Oromia,East Hararge,Chinaksen,12.2468,8.207329,112768.5390625
567,Ethiopia,Oromia,East Hararge,Girawa,13.152514,7.8935437,316870.375
568,Ethiopia,Oromia,East Hararge,Golo Oda,10.532821,5.2721186,152631.109375
569,Ethiopia,Oromia,East Hararge,Meyu Muleke,14.556677,5.1985993,79100.984375
570,Ethiopia,Oromia,East Hararge,Maya town,15.985523,14.402492,316625.25
571,Ethiopia,Oromia,East Hararge,Mekanisa Oromo,13.132919,8.843484,23678.654296875
572,Ethiopia,Oromia,East Hararge,Goro Muti,13.634162,6.768641,127942.9765625
573,Ethiopia,Oromia,East Hararge,Deder town,46.204826,28.34284,11828.435546875
574,Ethiopia,Oromia,East Hararge,Kumbi,14.790613,4.7614875,35911.609375
575,Ethiopia,Oromia,Bale,Agarfa,9.157185,8.119114,150177.828125
576,Ethiopia,Oromia,Bale,Gasera,8.773931,7.2775874,108226.4375
577,Ethiopia,Oromia,Bale,Sinana,11.100467,8.038444,151898.78125
578,Ethiopia,Oromia,Bale,Goba (OR),7.0354705,3.7104278,49797.05859375
579,Ethiopia,Oromia,Bale,Harena Buluk,6.337562,1.9463078,120210.875
580,Ethiopia,Oromia,Bale,Mena (Bale),8.707551,5.319535,129838.296875
581,Ethiopia,Oromia,Bale,Berbere,9.546781,3.2681692,136872.1875
582,Ethiopia,Oromia,Bale,Gura Damole,6.4626336,3.0050356,45593.87890625
583,Ethiopia,Oromia,Bale,Goro (Bale),11.208287,9.443901,127987.4296875
584,Ethiopia,Oromia,Bale,Robe town,50.416912,32.455708,87170.84375
585,Ethiopia,Oromia,Bale,Goba town,28.858814,23.929266,51512.984375
586,Ethiopia,Oromia,Bale,Dinsho,5.867762,3.8325505,59428.6953125
587,Ethiopia,Oromia,Borena,Yabelo,8.664687,3.2189066,71171.7421875
588,Ethiopia,Oromia,Borena,Moyale (OR),9.377109,7.140811,45160.15625
589,Ethiopia,Oromia,Borena,Dire,7.9997597,5.42516,33287.0
590,Ethiopia,Oromia,Borena,Teltale,8.504456,3.5248885,75970.3046875
591,Ethiopia,Oromia,Borena,Miyo,11.745167,7.4284115,73301.5859375
592,Ethiopia,Oromia,Borena,Dilo,9.686993,2.0038934,22512.5703125
593,Ethiopia,Oromia,Borena,Gomole,7.6217656,2.2194955,29351.419921875
594,Ethiopia,Oromia,Borena,Guchi,12.100314,5.266666,16843.63671875
595,Ethiopia,Oromia,Borena,Dubluk,7.7458997,3.066898,27923.96875
596,Ethiopia,Oromia,Borena,Elwaya,8.327607,3.2183797,36566.5234375
597,Ethiopia,Oromia,Borena,Yabelo town,22.001398,13.767651,20527.3046875
598,Ethiopia,Oromia,South West Shewa,Ameya,8.32954,4.7215486,174320.625
599,Ethiopia,Oromia,South West Shewa,Wenchi,10.251909,6.435791,138913.375
600,Ethiopia,Oromia,South West Shewa,Waliso,11.054459,6.4948087,218657.1875
601,Ethiopia,Oromia,South West Shewa,Dawo,12.925561,9.207726,140216.484375
602,Ethiopia,Oromia,South West Shewa,Ilu,12.206581,10.804541,67331.5
603,Ethiopia,Oromia,South West Shewa,Sebeta Hawas,5.797621,4.4796286,49685.609375
604,Ethiopia,Oromia,South West Shewa,Kersana Malima,6.392607,4.199934,101143.828125
605,Ethiopia,Oromia,South West Shewa,Tole,9.320481,5.502647,92748.109375
606,Ethiopia,Oromia,South West Shewa,Becho (SW Shewa),12.934995,11.501145,119157.171875
607,Ethiopia,Oromia,South West Shewa,Seden Sodo,8.639946,4.508725,120864.203125
608,Ethiopia,Oromia,South West Shewa,Woliso town,40.42236,29.030005,67303.2265625
609,Ethiopia,Oromia,South West Shewa,Goro (SW Shewa),6.531561,3.4530458,48235.578125
610,Ethiopia,Oromia,South West Shewa,Sodo Daci,7.502115,5.289405,82755.828125
611,Ethiopia,Oromia,Gujii,Uraga,11.124377,7.0429206,178601.875
612,Ethiopia,Oromia,Gujii,Bore,8.055949,4.3994374,147770.28125
613,Ethiopia,Oromia,Gujii,Adola,7.349774,3.5595887,145731.3125
614,Ethiopia,Oromia,Gujii,Wadera,5.8936653,3.728273,63156.51953125
615,Ethiopia,Oromia,Gujii,Odo Shakiso,7.6088676,4.118037,173657.1875
616,Ethiopia,Oromia,Gujii,Dama,6.3374286,2.9880755,84579.3203125
617,Ethiopia,Oromia,Gujii,Girja /Harenfema,10.804575,3.9197593,87981.65625
618,Ethiopia,Oromia,Gujii,Ana Sora,7.86701,3.736612,99848.09375
619,Ethiopia,Oromia,Gujii,Saba Boru,6.931714,2.5082803,75229.890625
620,Ethiopia,Oromia,Gujii,Ana Jila,8.179577,4.5456476,39760.921875
621,Ethiopia,Oromia,Gujii,Aga Wayu,7.136638,3.227748,30837.4140625
622,Ethiopia,Oromia,Gujii,Haro Walabu,8.159686,3.3816621,76733.6875
623,Ethiopia,Oromia,Gujii,Adola town,24.948256,19.767633,30461.8203125
624,Ethiopia,Oromia,Gujii,Shakiso town,27.572863,17.489697,22830.330078125
625,Ethiopia,Oromia,West Gujii,Bule Hora,13.0596285,8.422998,269720.5
626,Ethiopia,Oromia,West Gujii,Kercha,15.488426,7.9097333,228330.375
627,Ethiopia,Oromia,West Gujii,Hambela Wamena,10.287229,5.4871693,183215.546875
628,Ethiopia,Oromia,West Gujii,Abaya,13.357638,5.952595,168653.546875
629,Ethiopia,Oromia,West Gujii,Dugda Dawa,7.6008983,4.16891,89606.9921875
630,Ethiopia,Oromia,West Gujii,Gelana (West Guji),7.5730505,3.7972631,94769.15625
631,Ethiopia,Oromia,West Gujii,Melka Soda,6.5154357,2.4647267,92923.140625
632,Ethiopia,Oromia,West Gujii,Kercha town,33.38997,16.166193,15492.9462890625
633,Ethiopia,Oromia,West Gujii,Bule Hora town,37.05407,29.51841,72996.515625
634,Ethiopia,Oromia,West Gujii,Suro Berguda,8.694383,4.442175,79058.0234375
635,Ethiopia,Oromia,West Gujii,Birbirsa Kojowa,18.115396,8.657257,102207.0625
636,Ethiopia,Oromia,Buno Bedele,Chora (Buno Bedele),9.702512,7.4758625,136038.921875
637,Ethiopia,Oromia,Buno Bedele,Dega,7.7011228,3.2848096,44427.77734375
638,Ethiopia,Oromia,Buno Bedele,Dabo Hana,7.352759,3.8428047,49785.53125
639,Ethiopia,Oromia,Buno Bedele,Gechi,8.3878145,5.603213,99932.421875
640,Ethiopia,Oromia,Buno Bedele,Borecha,8.088807,2.7935739,106133.2421875
641,Ethiopia,Oromia,Buno Bedele,Dedesa,13.252592,10.005723,159746.75
642,Ethiopia,Oromia,Buno Bedele,Meko,8.319464,3.0151865,39450.8984375
643,Ethiopia,Oromia,Buno Bedele,Bedele town,47.1178,29.569994,31710.28125
644,Ethiopia,Oromia,Buno Bedele,Bedele Zuria,8.422649,3.9816692,102790.015625
645,Ethiopia,Oromia,Buno Bedele,Chwaka,9.668823,6.012639,94329.0390625
646,Ethiopia,Oromia,West Arsi,Dodola town,34.043854,17.201265,24034.9609375
647,Ethiopia,Oromia,West Arsi,Siraro,12.114309,4.22167,221934.140625
648,Ethiopia,Oromia,West Arsi,Shala,11.091389,6.0321746,198757.6875
649,Ethiopia,Oromia,West Arsi,Arsi Negele,10.859266,4.359142,239327.375
650,Ethiopia,Oromia,West Arsi,Kofele,10.857195,3.9098403,230194.25
651,Ethiopia,Oromia,West Arsi,Kore,9.978284,4.382071,141671.671875
652,Ethiopia,Oromia,West Arsi,Gedeb Asasa,11.727889,8.289496,286054.9375
653,Ethiopia,Oromia,West Arsi,Dodola,8.621058,4.799091,267925.25
654,Ethiopia,Oromia,West Arsi,Kokosa,8.599038,3.497717,203762.796875
655,Ethiopia,Oromia,West Arsi,Nenesebo,7.4317603,4.0145397,170997.375
656,Ethiopia,Oromia,West Arsi,Adaba,7.6425133,5.5693855,201235.015625
657,Ethiopia,Oromia,West Arsi,Shashemene town,26.357641,34.749958,417742.25
658,Ethiopia,Oromia,West Arsi,Shashemene,8.898263,3.0561097,104145.265625
659,Ethiopia,Oromia,West Arsi,Kofele town,29.519608,24.339817,32914.36328125
660,Ethiopia,Oromia,West Arsi,Heban Arsi,11.362232,6.837842,77944.9140625
661,Ethiopia,Oromia,West Arsi,Wondo,9.750043,2.3460147,14127.8125
662,Ethiopia,Oromia,West Arsi,Arsi Negele town,35.134586,25.96482,75890.703125
663,Ethiopia,Oromia,Kelem,Hawa Galan,13.000063,8.630865,134992.65625
664,Ethiopia,Oromia,Kelem,Yama Logi Welel,9.617496,4.6092515,71034.8203125
665,Ethiopia,Oromia,Kelem,Dale Wabera,12.949095,9.79807,90837.8984375
666,Ethiopia,Oromia,Kelem,Gawo Kebe,5.873333,3.8430488,84194.2265625
667,Ethiopia,Oromia,Kelem,Sayo,16.976933,8.395747,187017.890625
668,Ethiopia,Oromia,Kelem,Denbi Dollo town,49.537323,28.460985,50676.6796875
669,Ethiopia,Oromia,Kelem,Anfilo,19.020681,14.249472,124889.7890625
670,Ethiopia,Oromia,Kelem,Dale Sadi,13.666882,10.200055,114856.46875
671,Ethiopia,Oromia,Kelem,Gidami,17.101442,14.008695,152938.203125
672,Ethiopia,Oromia,Kelem,Jimma Horo,7.56674,4.4486313,51128.4609375
673,Ethiopia,Oromia,Kelem,Lalo Kile,12.196578,5.3282723,73642.9375
674,Ethiopia,Oromia,Kelem,Sedi Chenka,19.4182,14.912683,64798.53125
675,Ethiopia,Oromia,Horo Guduru,Horo,10.457,6.0565424,59427.12890625
676,Ethiopia,Oromia,Horo Guduru,Shambu town,54.093876,33.8821,25153.65234375
677,Ethiopia,Oromia,Horo Guduru,Guduru,8.994299,5.7962823,90032.9296875
678,Ethiopia,Oromia,Horo Guduru,Ababo,11.155376,6.7255163,64176.8828125
679,Ethiopia,Oromia,Horo Guduru,Abay Chomen,11.707058,11.824527,46196.05078125
680,Ethiopia,Oromia,Horo Guduru,Jimma Genete,10.569736,7.7299347,85498.59375
681,Ethiopia,Oromia,Horo Guduru,Jimma Rare,14.513205,11.720763,87398.515625
682,Ethiopia,Oromia,Horo Guduru,Jarte Jardega,6.3864317,4.151136,59381.04296875
683,Ethiopia,Oromia,Horo Guduru,Amuru,9.169641,7.2322607,82123.296875
684,Ethiopia,Oromia,Horo Guduru,Abe Dongoro,9.213674,6.352846,102391.5546875
685,Ethiopia,Oromia,Horo Guduru,Choman Guduru,8.302624,4.319757,43040.80078125
686,Ethiopia,Oromia,Horo Guduru,Horo Buluk,10.227048,8.676811,65146.29296875
687,Ethiopia,Oromia,Horo Guduru,Sulula Finca'a,12.1966095,13.993414,38272.9609375
688,Ethiopia,Oromia,East Bale,Gololcha Bale,10.347614,7.137775,144597.5625
689,Ethiopia,Oromia,East Bale,Lege Hida,8.805875,2.529333,86887.5625
690,Ethiopia,Oromia,East Bale,Ginir,10.666601,7.0309224,174793.59375
691,Ethiopia,Oromia,East Bale,Rayitu,6.4415603,2.7813826,43963.6484375
692,Ethiopia,Oromia,East Bale,Seweyna,7.430607,3.0416396,109482.5625
693,Ethiopia,Oromia,East Bale,Dawe Ketchen,23.936253,6.580636,106253.0234375
694,Ethiopia,Oromia,East Bale,Ginir town,41.154797,29.869043,28396.80859375
695,Ethiopia,Oromia,East Borena,Oborso,5.4053683,2.1728785,72831.9296875
696,Ethiopia,Oromia,East Borena,Meda Welabu,6.3688083,3.7568843,77578.453125
697,Ethiopia,Oromia,East Borena,Gora Dola,6.3990455,3.8512123,99396.375
698,Ethiopia,Oromia,East Borena,Liben,7.7275386,5.2829337,81347.796875
699,Ethiopia,Oromia,East Borena,Arero,8.759708,3.5731792,53092.58984375
700,Ethiopia,Oromia,East Borena,Negele town,66.55826,49.165485,49186.5546875
701,Ethiopia,Oromia,East Borena,Dhas,8.123802,3.2802782,24696.359375
702,Ethiopia,Oromia,East Borena,Gumi Idalo,8.453981,3.5704687,23172.36328125
703,Ethiopia,Oromia,East Borena,Wachile,7.8509426,2.8348315,22665.671875
704,Ethiopia,Oromia,Shager City,Burayu,28.253489,18.127611,50291.2109375
705,Ethiopia,Oromia,Shager City,Eka Tafo,10.571323,9.238708,47433.52734375
706,Ethiopia,Oromia,Shager City,Furi,17.8514,17.291145,50894.34375
707,Ethiopia,Oromia,Shager City,Galan,11.385674,9.513661,36172.2890625
708,Ethiopia,Oromia,Shager City,Galan Gudo,15.507765,26.441267,73336.21875
709,Ethiopia,Oromia,Shager City,Gefersa Guje,9.8087225,8.329304,51593.87890625
710,Ethiopia,Oromia,Shager City,Koye,6.43809,3.8154156,13964.216796875
711,Ethiopia,Oromia,Shager City,Kura Jida,6.546319,5.3725395,36181.50390625
712,Ethiopia,Oromia,Shager City,Mana Abichu,14.346538,12.25055,32523.6015625
713,Ethiopia,Oromia,Shager City,Melka Nonno,11.907184,9.842169,29506.001953125
714,Ethiopia,Oromia,Shager City,Sebeta,16.75744,29.67896,92283.2265625
715,Ethiopia,Oromia,Shager City,Sululta (Shager City),15.172317,14.190073,64345.79296875
716,Ethiopia,Somali,Sitti,Ayisha,15.418073,5.834665,49615.359375
717,Ethiopia,Somali,Sitti,Dembel,29.602287,7.0000925,141676.546875
718,Ethiopia,Somali,Sitti,Shinile,25.355953,8.40224,73735.109375
719,Ethiopia,Somali,Sitti,Erer (SM),29.669067,17.929186,200384.875
720,Ethiopia,Somali,Sitti,Afdem,55.383858,21.365364,64411.42578125
721,Ethiopia,Somali,Sitti,Hadhagala,19.015575,5.615896,63531.03515625
722,Ethiopia,Somali,Sitti,Miesso,65.315605,29.687471,54407.8984375
723,Ethiopia,Somali,Sitti,Gota-Biki,65.581856,41.67336,77452.171875
724,Ethiopia,Somali,Sitti,Gablalu,24.982662,6.8283925,73024.3203125
725,Ethiopia,Somali,Fafan,Gursum (SM),12.599903,10.004242,25426.603515625
726,Ethiopia,Somali,Fafan,Babile (SM),17.234905,5.3069897,8324.458984375
727,Ethiopia,Somali,Fafan,Shabeeley,25.318933,26.247135,183739.5
728,Ethiopia,Somali,Fafan,Aw-Bare,26.03395,14.5051365,278094.65625
729,Ethiopia,Somali,Fafan,Kebribeyah,9.743543,3.9915185,171525.328125
730,Ethiopia,Somali,Fafan,Harshin,10.150518,4.654737,225067.4375
731,Ethiopia,Somali,Fafan,Tuliguled,11.934418,4.0153236,39097.15234375
732,Ethiopia,Somali,Fafan,Goljano,11.4268465,1.3130623,16054.71875
733,Ethiopia,Somali,Fafan,Jigjiga town,39.755013,27.97838,264609.375
734,Ethiopia,Somali,Fafan,Wajale town,39.141434,34.05036,29630.06640625
735,Ethiopia,Somali,Fafan,Kebribayah town,20.160288,10.905379,16208.87109375
736,Ethiopia,Somali,Fafan,Koran /Mulla,9.97494,2.163026,30393.64453125
737,Ethiopia,Somali,Fafan,Haroreys,12.628028,4.503811,41243.140625
738,Ethiopia,Somali,Fafan,Harawo,29.005875,7.037545,158372.078125
739,Ethiopia,Somali,Jarar,Degehamedo,12.131311,3.1977093,54687.953125
740,Ethiopia,Somali,Jarar,Degehabur,7.221551,1.7045276,35277.27734375
741,Ethiopia,Somali,Jarar,Aware,41.713024,29.429714,117505.5859375
742,Ethiopia,Somali,Jarar,Gashamo,2.958379,0.9250128,84742.765625
743,Ethiopia,Somali,Jarar,Gunagado,22.056614,23.82595,60611.57421875
744,Ethiopia,Somali,Jarar,Bilcil-Bur,6.129276,1.1961256,7158.994140625
745,Ethiopia,Somali,Jarar,Degahabur town,11.339374,6.4343424,18097.640625
746,Ethiopia,Somali,Jarar,Yocale,10.077975,6.2407374,15661.173828125
747,Ethiopia,Somali,Jarar,Daror,4.4773893,3.688227,83333.171875
748,Ethiopia,Somali,Jarar,Burqod,9.824295,5.3416576,29256.75
749,Ethiopia,Somali,Jarar,Ararso,6.692391,2.5156279,23102.1328125
750,Ethiopia,Somali,Jarar,Dig,34.639725,30.618378,41151.9921875
751,Ethiopia,Somali,Erer,Fik,28.590357,10.513124,142036.890625
752,Ethiopia,Somali,Erer,Hamero,21.10522,6.2319813,72559.75
753,Ethiopia,Somali,Erer,Lagahida,84.95835,33.26714,25147.671875
754,Ethiopia,Somali,Erer,Meyumuluka,39.428825,21.009998,18965.265625
755,Ethiopia,Somali,Erer,Salahad,13.749682,1.9507153,1141.2236328125
756,Ethiopia,Somali,Erer,Qubi,96.3423,30.149755,26397.791015625
757,Ethiopia,Somali,Erer,Yahob,22.69387,5.3148813,59435.24609375
758,Ethiopia,Somali,Erer,Wangey,22.723822,3.185841,9975.7578125
759,Ethiopia,Somali,Korahe,Shaygosh,21.26202,8.049396,36081.6484375
760,Ethiopia,Somali,Korahe,Kebridehar,22.114344,6.774413,48297.7265625
761,Ethiopia,Somali,Korahe,Shilabo,9.191561,6.0274158,121549.203125
762,Ethiopia,Somali,Korahe,Debeweyin,31.462004,8.2247925,48608.796875
763,Ethiopia,Somali,Korahe,Marsin,7.146603,5.265615,20324.939453125
764,Ethiopia,Somali,Korahe,Kebridehar town,39.915115,23.751804,49175.421875
765,Ethiopia,Somali,Korahe,Goglo,16.954155,2.9698484,17598.412109375
766,Ethiopia,Somali,Korahe,Lasdhankayre,20.429062,5.7122073,14872.357421875
767,Ethiopia,Somali,Korahe,Higloley,16.579197,9.547199,31599.94921875
768,Ethiopia,Somali,Korahe,El-Ogaden,23.503942,8.793927,18897.169921875
769,Ethiopia,Somali,Korahe,Bodaley,19.130196,5.8670464,20067.57421875
770,Ethiopia,Somali,Shebelle,East Imi,12.968253,4.3007474,57293.7421875
771,Ethiopia,Somali,Shebelle,Adadle,21.024364,21.921162,128248.625
772,Ethiopia,Somali,Shebelle,Danan,7.483536,4.0720487,19053.08203125
773,Ethiopia,Somali,Shebelle,Gode,22.837585,9.799715,44350.58984375
774,Ethiopia,Somali,Shebelle,Kelafo,16.952875,12.339333,136538.453125
775,Ethiopia,Somali,Shebelle,Mustahil,10.747665,4.577738,51932.71875
776,Ethiopia,Somali,Shebelle,Ferfer,16.312622,9.50523,41026.2421875
777,Ethiopia,Somali,Shebelle,Berocano,18.215624,8.150002,43826.7890625
778,Ethiopia,Somali,Shebelle,Godey town,44.48977,22.98687,81104.8515625
779,Ethiopia,Somali,Shebelle,Elale,24.31397,9.116351,30951.68359375
780,Ethiopia,Somali,Shebelle,Aba-Korow,12.817799,3.2898717,27468.54296875
781,Ethiopia,Somali,Dollo,Danod,3.0423405,1.2667286,25890.318359375
782,Ethiopia,Somali,Dollo,Bokh,5.845797,5.8830295,93485.984375
783,Ethiopia,Somali,Dollo,Galadi,6.7980227,7.1618447,119087.765625
784,Ethiopia,Somali,Dollo,Warder,9.145017,15.992019,103174.078125
785,Ethiopia,Somali,Dollo,Daratole,3.349653,0.88554204,2472.0439453125
786,Ethiopia,Somali,Dollo,Lehel-Yucub,4.8674736,2.9951658,10216.8271484375
787,Ethiopia,Somali,Dollo,Galhamur,7.2341805,2.0257926,45864.703125
788,Ethiopia,Somali,Afder,Charati,14.40416,9.6009655,152439.21875
789,Ethiopia,Somali,Afder,Elkare /Serer,8.369366,4.021784,73307.2734375
790,Ethiopia,Somali,Afder,West Imi,12.496057,5.4222126,74813.890625
791,Ethiopia,Somali,Afder,Hargele,31.03673,20.355604,155028.46875
792,Ethiopia,Somali,Afder,Barey,10.482475,5.803712,55190.23046875
793,Ethiopia,Somali,Afder,Dolobay,8.389964,2.3045228,83673.109375
794,Ethiopia,Somali,Afder,Raso,11.832558,4.0253515,9347.720703125
795,Ethiopia,Somali,Afder,Kohle /Qoxle,8.774371,4.252022,14670.748046875
796,Ethiopia,Somali,Afder,God-God,6.551558,1.1173065,7894.62744140625
797,Ethiopia,Somali,Liben,Filtu,21.85122,7.4124246,189646.734375
798,Ethiopia,Somali,Liben,Dolo Odo,10.23756,5.1956515,109562.3671875
799,Ethiopia,Somali,Liben,Goro Baqaqsa,25.796967,20.518847,61499.96875
800,Ethiopia,Somali,Liben,Guradamole,35.76477,26.964453,33261.23828125
801,Ethiopia,Somali,Liben,Deka Suftu,22.449858,11.566602,59492.125
802,Ethiopia,Somali,Liben,Bokolmayo,10.570693,3.6234846,57737.125
803,Ethiopia,Somali,Nogob,Ayun,18.599419,7.5128593,24030.44921875
804,Ethiopia,Somali,Nogob,Elwayne,7.441147,2.7296355,9390.7275390625
805,Ethiopia,Somali,Nogob,Garbo,7.545652,5.497482,32665.126953125
806,Ethiopia,Somali,Nogob,Sagag,25.471075,15.348128,89250.6484375
807,Ethiopia,Somali,Nogob,Dihun,15.52479,5.1270046,31639.521484375
808,Ethiopia,Somali,Nogob,Horshagah,10.547735,5.7145987,13965.201171875
809,Ethiopia,Somali,Nogob,Hararey,5.9782166,1.9148041,5822.783203125
810,Ethiopia,Somali,Daawa,Moyale (SM),73.71227,17.157488,56168.75390625
811,Ethiopia,Somali,Daawa,Hudet,103.85828,20.130016,40193.15234375
812,Ethiopia,Somali,Daawa,Mubarek,90.51289,24.62752,154415.0
813,Ethiopia,Somali,Daawa,Qada Duma,92.72575,36.016556,106170.984375
814,Ethiopia,Benishangul Gumuz,Metekel,Dangura,6.927743,5.654233,64608.1328125
815,Ethiopia,Benishangul Gumuz,Metekel,Guba,4.8746214,3.6272671,20834.1328125
816,Ethiopia,Benishangul Gumuz,Metekel,Wenbera,8.412344,4.7196403,89902.71875
817,Ethiopia,Benishangul Gumuz,Metekel,Madira,10.905009,5.2606926,52234.9921875
818,Ethiopia,Benishangul Gumuz,Metekel,Debati,8.259529,4.5516696,97982.7890625
819,Ethiopia,Benishangul Gumuz,Metekel,Pawe,11.274867,8.600139,70546.84375
820,Ethiopia,Benishangul Gumuz,Metekel,Bulen,6.25095,3.016283,65810.0
821,Ethiopia,Benishangul Gumuz,Metekel,Gilgel Beles town,35.85598,22.866148,6633.35595703125
822,Ethiopia,Benishangul Gumuz,Asosa,Menge,9.557833,4.9963336,35583.8125
823,Ethiopia,Benishangul Gumuz,Asosa,Kurmuk,13.651221,6.9617286,23698.51953125
824,Ethiopia,Benishangul Gumuz,Asosa,Sherkole,7.7203937,3.5111315,36216.3671875
825,Ethiopia,Benishangul Gumuz,Asosa,Bambasi,7.995267,4.119639,66064.890625
826,Ethiopia,Benishangul Gumuz,Asosa,Bilidigilu,8.624075,2.594312,81005.9375
827,Ethiopia,Benishangul Gumuz,Asosa,Homosha,10.153957,5.733008,34807.765625
828,Ethiopia,Benishangul Gumuz,Asosa,Undulu,8.437087,3.5450768,17819.126953125
829,Ethiopia,Benishangul Gumuz,Asosa,Assosa town,52.615395,31.16298,53930.78125
830,Ethiopia,Benishangul Gumuz,Asosa,Abrahmo,9.480479,3.7659905,30470.259765625
831,Ethiopia,Benishangul Gumuz,Asosa,Bambasi town,25.73231,16.930254,10550.2470703125
832,Ethiopia,Benishangul Gumuz,Asosa,Ura,11.661603,8.723119,65829.75
833,Ethiopia,Benishangul Gumuz,Kemashi,Zayi,4.936671,2.9534082,19050.61328125
834,Ethiopia,Benishangul Gumuz,Kemashi,Sedal,6.5333347,2.2386012,23859.73828125
835,Ethiopia,Benishangul Gumuz,Kemashi,Kamashi,7.557739,2.8379233,18335.07421875
836,Ethiopia,Benishangul Gumuz,Kemashi,Dembi,9.387262,4.2777047,32977.453125
837,Ethiopia,Benishangul Gumuz,Kemashi,Mizyiga,7.345951,2.7251003,43363.1484375
838,Ethiopia,Benishangul Gumuz,Kemashi,Kamashi town,19.22803,15.092204,7787.3515625
839,Ethiopia,Benishangul Gumuz,Mao-Komo,Maokomo Special,14.6453285,8.3950205,73094.8359375
840,Ethiopia,Gambela,Nuer,Akobo,111.10805,15.657816,46554.2734375
841,Ethiopia,Gambela,Nuer,Lare,19.782526,7.44763,58892.58203125
842,Ethiopia,Gambela,Nuer,Jikawo,30.445007,4.4650364,42166.3359375
843,Ethiopia,Gambela,Nuer,Wantawo,22.64505,5.5052495,39696.7734375
844,Ethiopia,Gambela,Nuer,Makuey,35.686905,9.980427,24623.96484375
845,Ethiopia,Gambela,Agniwak,Gambela National Park,,,0.0
846,Ethiopia,Gambela,Agniwak,Abobo,20.986498,7.9871025,29821.8125
847,Ethiopia,Gambela,Agniwak,Gambela Zuria,5.900846,5.5056853,21278.451171875
848,Ethiopia,Gambela,Agniwak,Gog,21.879154,10.764847,32009.203125
849,Ethiopia,Gambela,Agniwak,Jore,31.07525,5.5214705,17650.7421875
850,Ethiopia,Gambela,Agniwak,Dima (GM),8.760815,6.093396,15156.208984375
851,Ethiopia,Gambela,Agniwak,Gambela town,56.469296,34.17183,72619.515625
852,Ethiopia,Gambela,Majang,Godere,17.62184,14.739753,79474.4921875
853,Ethiopia,Gambela,Majang,Mengesh,11.067772,4.6983004,32694.197265625
854,Ethiopia,Gambela,Itang,Itang,13.789704,7.108258,68327.984375
855,Ethiopia,Harari,Harari,Sofi,12.4951935,9.30776,39072.46875
856,Ethiopia,Harari,Harari,Shenkor,12.750907,8.046659,25348.802734375
857,Ethiopia,Harari,Harari,Jinela,12.872658,9.517466,16180.9306640625
858,Ethiopia,Harari,Harari,Hakim,11.802721,7.8699,16063.5029296875
859,Ethiopia,Harari,Harari,Erer (HR),8.770262,4.00538,30932.712890625
860,Ethiopia,Harari,Harari,Dire Teyara,14.179867,8.411104,14605.2626953125
861,Ethiopia,Harari,Harari,Amir Nur,11.405506,9.230389,5679.94189453125
862,Ethiopia,Harari,Harari,Aboker,15.990735,8.801447,13720.05078125
863,Ethiopia,Harari,Harari,Abadir,50.44642,25.09484,95192.390625
864,Ethiopia,Addis Ababa,Region 14,Akaki - Kalit,31.947401,25.13408,230404.65625
865,Ethiopia,Addis Ababa,Region 14,Nefas Silk,66.89017,37.33025,342879.0
866,Ethiopia,Addis Ababa,Region 14,Kolfe - Keran,80.1386,55.659252,428180.5625
867,Ethiopia,Addis Ababa,Region 14,Bole,53.488255,35.919945,244227.375
868,Ethiopia,Addis Ababa,Region 14,Lideta,170.29042,95.56126,277573.375
869,Ethiopia,Addis Ababa,Region 14,Kirkos,165.76582,57.84505,282464.96875
870,Ethiopia,Addis Ababa,Region 14,Yeka,77.54705,47.035873,337329.65625
871,Ethiopia,Addis Ababa,Region 14,Addis Ketema (AA),210.24146,150.7326,490913.8125
872,Ethiopia,Addis Ababa,Region 14,Arada,244.76173,86.084496,272419.8125
873,Ethiopia,Addis Ababa,Region 14,Gulele,159.54199,80.336494,397738.1875
874,Ethiopia,Addis Ababa,Region 14,Lemi Kura,38.300518,29.252348,264311.875
875,Ethiopia,Dire Dawa,Dire Dawa urban,Sabian,63.900978,43.25936,81921.0546875
876,Ethiopia,Dire Dawa,Dire Dawa urban,Malka Jabti /M.Jebdu),43.319782,27.022385,44835.9765625
877,Ethiopia,Dire Dawa,Dire Dawa urban,Legehare,108.64075,27.894999,9777.6669921875
878,Ethiopia,Dire Dawa,Dire Dawa urban,Addis Ketema (DD),103.418526,45.567665,109933.890625
879,Ethiopia,Dire Dawa,Dire Dawa urban,Gende Kore,88.72878,28.258308,7630.67529296875
880,Ethiopia,Dire Dawa,Dire Dawa urban,Dechatu,94.465096,38.810993,12374.927734375
881,Ethiopia,Dire Dawa,Dire Dawa urban,Hafat Issa,119.6476,34.544453,5025.19921875
882,Ethiopia,Dire Dawa,Dire Dawa urban,Kazira,56.923145,37.027378,27152.33984375
883,Ethiopia,Dire Dawa,Dire Dawa urban,Police Maret,61.447575,37.21646,21629.546875
884,Ethiopia,Dire Dawa,Dire Dawa rural,Aseliso,25.255238,15.028882,26240.19140625
885,Ethiopia,Dire Dawa,Dire Dawa rural,Jeldessa,19.300955,3.5733285,14958.240234375
886,Ethiopia,Dire Dawa,Dire Dawa rural,Wahil,21.399326,10.767178,51679.375
887,Ethiopia,Dire Dawa,Dire Dawa rural,Biyoawale,16.43807,9.589167,58535.96875
888,Ethiopia,Sidama,Sidama,Shebe Dino,16.538958,8.692631,222250.5
889,Ethiopia,Sidama,Sidama,Hawassa Zuria,12.790772,6.8726616,177024.296875
890,Ethiopia,Sidama,Sidama,Arbegona,11.870566,6.6509037,161404.09375
891,Ethiopia,Sidama,Sidama,Dale,15.895053,7.418408,317980.53125
892,Ethiopia,Sidama,Sidama,Aleta Wendo,14.788229,6.3612347,212092.78125
893,Ethiopia,Sidama,Sidama,Dara,15.46403,10.756743,130995.796875
894,Ethiopia,Sidama,Sidama,Hulla,10.330195,6.218099,107279.078125
895,Ethiopia,Sidama,Sidama,Bensa,12.803582,5.0304465,246020.828125
896,Ethiopia,Sidama,Sidama,Aroresa,8.759128,2.4803157,132008.8125
897,Ethiopia,Sidama,Sidama,Boricha,14.873197,8.621001,132624.296875
898,Ethiopia,Sidama,Sidama,Gorche,11.028365,3.2081711,139056.65625
899,Ethiopia,Sidama,Sidama,Malga,14.031356,5.4035974,153082.09375
900,Ethiopia,Sidama,Sidama,Wonosho,10.009419,5.042032,103347.2578125
901,Ethiopia,Sidama,Sidama,Chire,10.314566,3.1364322,83960.5625
902,Ethiopia,Sidama,Sidama,Bursa,9.781162,4.531939,98975.578125
903,Ethiopia,Sidama,Sidama,Aleta Chuko,13.838749,6.9125085,230442.84375
904,Ethiopia,Sidama,Sidama,Bona Zuria,11.874945,4.773048,140813.09375
905,Ethiopia,Sidama,Sidama,Hawasa town,31.328169,32.608097,361746.375
906,Ethiopia,Sidama,Sidama,Wondo-Genet,20.51296,15.544824,212965.5625
907,Ethiopia,Sidama,Sidama,Yirgalem town,57.66579,35.46511,62336.71875
908,Ethiopia,Sidama,Sidama,Aleta Wondo town,64.40009,39.089905,34776.05078125
909,Ethiopia,Sidama,Sidama,Leku town,59.835785,27.400154,18309.75
910,Ethiopia,Sidama,Sidama,Hawela,14.103755,6.416798,105989.71875
911,Ethiopia,Sidama,Sidama,Bura,11.511696,2.298097,66284.34375
912,Ethiopia,Sidama,Sidama,Dara Otilicho,12.872525,6.5872827,98513.4375
913,Ethiopia,Sidama,Sidama,Teticha,10.2204,3.7784057,95366.546875
914,Ethiopia,Sidama,Sidama,Chirone,9.190715,2.53963,42470.29296875
915,Ethiopia,Sidama,Sidama,Shafamo,10.96884,4.297785,75783.7109375
916,Ethiopia,Sidama,Sidama,Chabe Gambeltu,11.128683,3.5118685,60395.36328125
917,Ethiopia,Sidama,Sidama,Daye town,57.94278,28.433218,13095.068359375
918,Ethiopia,Sidama,Sidama,Hokko,8.98003,3.0066676,108119.5625
919,Ethiopia,Sidama,Sidama,Bilate Zuria,12.6781,6.1780677,129227.8671875
920,Ethiopia,Sidama,Sidama,Darara,12.220071,6.0921817,135581.6875
921,Ethiopia,Sidama,Sidama,Daella,9.638922,2.06077,69111.0703125
922,Ethiopia,Sidama,Sidama,Chuko town,64.93505,22.343298,14935.0625
923,Ethiopia,Sidama,Sidama,Wondo-Genet town,68.211624,36.294693,5047.66015625
924,Ethiopia,Sidama,Sidama,Loka Abaya,9.702002,4.6076174,130317.2890625
925,Ethiopia,South West Ethiopia,Sheka,Anderacha,11.605207,9.061106,54753.3671875
926,Ethiopia,South West Ethiopia,Sheka,Masha,10.639424,5.913071,34535.5703125
927,Ethiopia,South West Ethiopia,Sheka,Yeki,19.569124,11.960342,144635.390625
928,Ethiopia,South West Ethiopia,Sheka,Tepi,73.751434,43.182518,58263.6328125
929,Ethiopia,South West Ethiopia,Sheka,Masha town,13.993016,3.884206,391.804443359375
930,Ethiopia,South West Ethiopia,Keffa,Saylem,6.538582,3.6580558,59344.16796875
931,Ethiopia,South West Ethiopia,Keffa,Gesha,9.37852,3.8910503,121264.2578125
932,Ethiopia,South West Ethiopia,Keffa,Gewata,7.436419,3.5070791,103098.515625
933,Ethiopia,South West Ethiopia,Keffa,Gimbo,9.621535,6.3465695,128187.71875
934,Ethiopia,South West Ethiopia,Keffa,Adiyio,9.233431,3.9686933,150966.59375
935,Ethiopia,South West Ethiopia,Keffa,Tullo,9.034778,3.8348968,84710.078125
936,Ethiopia,South West Ethiopia,Keffa,Cheta,9.214464,2.587938,53149.03125
937,Ethiopia,South West Ethiopia,Keffa,Decha,8.240861,3.5057068,151722.484375
938,Ethiopia,South West Ethiopia,Keffa,Chena,10.208861,4.060059,107295.1328125
939,Ethiopia,South West Ethiopia,Keffa,Bita,8.870213,4.0524774,103879.0625
940,Ethiopia,South West Ethiopia,Keffa,Bonga town,28.569538,18.8844,30540.8359375
941,Ethiopia,South West Ethiopia,Keffa,Goba (SP),7.7395763,2.0915864,32374.6484375
942,Ethiopia,South West Ethiopia,Keffa,Shisho Ande,10.030248,4.4219685,86450.703125
943,Ethiopia,South West Ethiopia,Keffa,Wacha town,28.172394,16.156244,10198.40625
944,Ethiopia,South West Ethiopia,Keffa,Awurada town,7.118616,1.4871862,3680.324462890625
945,Ethiopia,South West Ethiopia,Keffa,Deka town,44.537098,29.299435,5255.37744140625
946,Ethiopia,South West Ethiopia,Keffa,Shishinda town,16.267471,13.521605,17341.125
947,Ethiopia,South West Ethiopia,Bench Sheko,Sheko,16.961952,10.715637,83266.21875
948,Ethiopia,South West Ethiopia,Bench Sheko,Gurafereda,7.4832325,5.698012,54642.5625
949,Ethiopia,South West Ethiopia,Bench Sheko,Debub Bench,13.884011,6.461157,146906.71875
950,Ethiopia,South West Ethiopia,Bench Sheko,Shay Bench,11.827119,4.6565475,159949.953125
951,Ethiopia,South West Ethiopia,Bench Sheko,Semen Bench,16.233473,8.422073,123763.9921875
952,Ethiopia,South West Ethiopia,Bench Sheko,Gidi Bench,13.019216,4.6100855,36050.20703125
953,Ethiopia,South West Ethiopia,Bench Sheko,Mizan Aman town,30.212929,19.159067,49790.90625
954,Ethiopia,South West Ethiopia,Bench Sheko,Size town,36.38134,22.136503,11460.1220703125
955,Ethiopia,South West Ethiopia,Dawro,Tocha,10.042714,4.8578286,119297.40625
956,Ethiopia,South West Ethiopia,Dawro,Mareka,13.011987,8.292817,78644.4453125
957,Ethiopia,South West Ethiopia,Dawro,Loma,9.951036,5.6348395,101679.6875
958,Ethiopia,South West Ethiopia,Dawro,Gena,8.140955,3.259891,45768.44921875
959,Ethiopia,South West Ethiopia,Dawro,Isara,9.741015,4.572804,100449.3515625
960,Ethiopia,South West Ethiopia,Dawro,Kache,9.743583,4.814651,24056.90625
961,Ethiopia,South West Ethiopia,Dawro,Tercha Zuriya,12.812446,4.650772,23959.2734375
962,Ethiopia,South West Ethiopia,Dawro,Mari Mansa,11.766971,4.842982,72425.703125
963,Ethiopia,South West Ethiopia,Dawro,Disa,7.9478517,2.071661,58694.8828125
964,Ethiopia,South West Ethiopia,Dawro,Zabagazo,8.183095,3.857823,68140.6328125
965,Ethiopia,South West Ethiopia,Dawro,Tercha town,45.238514,30.939878,14069.177734375
966,Ethiopia,South West Ethiopia,Dawro,Gesa town,32.5481,20.558895,3580.290771484375
967,Ethiopia,South West Ethiopia,West Omo,Gachit,6.661393,2.069821,49600.734375
968,Ethiopia,South West Ethiopia,West Omo,Menit Goldiye,6.4817133,1.644776,63857.83984375
969,Ethiopia,South West Ethiopia,West Omo,Gori Gesha,5.0799665,1.0925415,19532.470703125
970,Ethiopia,South West Ethiopia,West Omo,Menit Shasha,5.1082826,1.3516661,39318.44921875
971,Ethiopia,South West Ethiopia,West Omo,Bero,19.472166,8.919345,18946.41796875
972,Ethiopia,South West Ethiopia,West Omo,Surma,26.001114,7.6675487,34555.48046875
973,Ethiopia,South West Ethiopia,West Omo,Maji,7.9384513,2.5120914,31023.466796875
974,Ethiopia,South West Ethiopia,West Omo,Bachuma town,9.786641,6.6619034,13662.150390625
975,Ethiopia,South West Ethiopia,West Omo,Jemu town,8.641128,5.8521304,3966.27734375
976,Ethiopia,South West Ethiopia,West Omo,Maji Tum town,8.90088,4.5109587,16172.8984375
977,Ethiopia,South West Ethiopia,Konta,Amaya town,10.242595,6.9571223,21099.74609375
978,Ethiopia,South West Ethiopia,Konta,Ameya Zuria,7.6455493,2.2535963,48855.05859375
979,Ethiopia,South West Ethiopia,Konta,Chida town,11.76503,9.064735,19141.703125
980,Ethiopia,South West Ethiopia,Konta,Elahanchano,8.053318,2.7918665,27558.453125
981,Ethiopia,South West Ethiopia,Konta,Konta Koysha,6.667299,1.6595678,20635.2890625
982,Ethiopia,South Ethiopia,Gedeo,Wenago,23.814627,13.863091,166559.5
983,Ethiopia,South Ethiopia,Gedeo,Yirgachefe,19.415424,11.341215,209900.15625
984,Ethiopia,South Ethiopia,Gedeo,Kochere,22.816416,15.603974,128730.21875
985,Ethiopia,South Ethiopia,Gedeo,Bule,13.578947,7.900278,85017.7890625
986,Ethiopia,South Ethiopia,Gedeo,Dila Zuria,24.899982,16.491861,161252.28125
987,Ethiopia,South Ethiopia,Gedeo,Gedeb,16.548264,11.8705635,114911.140625
988,Ethiopia,South Ethiopia,Gedeo,Dila town,60.65608,34.95264,89285.75
989,Ethiopia,South Ethiopia,Gedeo,Chelelektu town,85.06351,35.524097,14035.478515625
990,Ethiopia,South Ethiopia,Gedeo,Rape,11.957334,4.6909924,96184.7890625
991,Ethiopia,South Ethiopia,Gedeo,Churso,16.227018,10.163697,128355.71875
992,Ethiopia,South Ethiopia,Gedeo,Gedeb town,20.188765,12.869167,14051.3798828125
993,Ethiopia,South Ethiopia,Gedeo,Yirgachefe town,82.84157,31.955957,20544.708984375
994,Ethiopia,South Ethiopia,Gedeo,Wenago town,79.279724,39.39208,16173.064453125
995,Ethiopia,South Ethiopia,Wolayita,Boloso Sore,16.864962,5.9382286,250208.5625
996,Ethiopia,South Ethiopia,Wolayita,Damot Gale,14.624342,5.4428854,161584.359375
997,Ethiopia,South Ethiopia,Wolayita,Damot Woide,13.262229,6.372938,104890.96875
998,Ethiopia,South Ethiopia,Wolayita,Humbo,12.021183,4.177052,92430.875
999,Ethiopia,South Ethiopia,Wolayita,Sodo Zuria,13.4140005,5.5281663,208815.75
1000,Ethiopia,South Ethiopia,Wolayita,Kindo Koyesha,10.491127,3.8047931,131705.609375
1001,Ethiopia,South Ethiopia,Wolayita,Ofa,12.036681,4.838447,108474.5703125
1002,Ethiopia,South Ethiopia,Wolayita,Boloso Bombe,14.595975,7.361135,130809.125
1003,Ethiopia,South Ethiopia,Wolayita,Damot Sore,15.398644,5.4978347,135615.859375
1004,Ethiopia,South Ethiopia,Wolayita,Kindo Daddaye,11.639893,5.960096,91652.515625
1005,Ethiopia,South Ethiopia,Wolayita,Damot Pullasa,19.5435,8.976516,163110.0625
1006,Ethiopia,South Ethiopia,Wolayita,Duguna Fango,14.487693,4.503116,148614.75
1007,Ethiopia,South Ethiopia,Wolayita,Sodo town,50.694473,35.96589,110007.0078125
1008,Ethiopia,South Ethiopia,Wolayita,Areka town,39.396008,27.128574,42114.33203125
1009,Ethiopia,South Ethiopia,Wolayita,Boditi town,41.390255,30.960545,44742.8671875
1010,Ethiopia,South Ethiopia,Wolayita,Tebela town,49.67415,26.173712,14554.525390625
1011,Ethiopia,South Ethiopia,Wolayita,Gesuba town,38.499573,20.792458,13243.853515625
1012,Ethiopia,South Ethiopia,Wolayita,Gununo Hamus town,33.393543,21.253557,10819.5078125
1013,Ethiopia,South Ethiopia,Wolayita,Hobicha Abaya,11.555359,3.2590506,72163.21875
1014,Ethiopia,South Ethiopia,Wolayita,Kawo Koisha,9.539104,2.922872,80347.875
1015,Ethiopia,South Ethiopia,Wolayita,Abela Abaya,12.833149,4.524946,49587.2890625
1016,Ethiopia,South Ethiopia,Wolayita,Bayera Koisha,10.244415,2.9626777,30897.15625
1017,Ethiopia,South Ethiopia,Wolayita,Bale Awassa town,24.503897,17.360252,10757.2109375
1018,Ethiopia,South Ethiopia,Gamo,Selamber town,33.4835,15.763306,9007.0615234375
1019,Ethiopia,South Ethiopia,Gamo,Boreda,10.512761,6.740422,96769.96875
1020,Ethiopia,South Ethiopia,Gamo,Mirab Abaya,15.374596,9.044746,97966.921875
1021,Ethiopia,South Ethiopia,Gamo,Chencha Zuriya,11.7347,5.5059066,107970.9765625
1022,Ethiopia,South Ethiopia,Gamo,Ezo/Kogota,14.075473,7.3485126,37750.41796875
1023,Ethiopia,South Ethiopia,Gamo,Dita,9.319293,3.1405172,100732.234375
1024,Ethiopia,South Ethiopia,Gamo,Daramalo,8.489463,3.0574217,109505.578125
1025,Ethiopia,South Ethiopia,Gamo,Chencha town,38.64574,22.498177,18163.498046875
1026,Ethiopia,South Ethiopia,Gamo,Kemba,7.0286694,2.8135984,160605.09375
1027,Ethiopia,South Ethiopia,Gamo,Kemba town,19.865969,10.825325,4410.2451171875
1028,Ethiopia,South Ethiopia,Gamo,Gerese,8.301867,2.8301373,157104.53125
1029,Ethiopia,South Ethiopia,Gamo,Bonke,7.934149,2.2992125,63758.8203125
1030,Ethiopia,South Ethiopia,Gamo,Arba Minch Zuria,15.741297,13.557162,176239.5625
1031,Ethiopia,South Ethiopia,Gamo,Gacho Baba,9.282706,3.367352,99770.53125
1032,Ethiopia,South Ethiopia,Gamo,Kucha Alpha,6.8793488,1.7590116,50398.109375
1033,Ethiopia,South Ethiopia,Gamo,Garda Marta,6.496027,1.6474935,57197.515625
1034,Ethiopia,South Ethiopia,Gamo,Kucha,7.4819493,3.180863,149309.78125
1035,Ethiopia,South Ethiopia,Gamo,Arba Minch town,64.25285,32.998425,108972.8359375
1036,Ethiopia,South Ethiopia,Gamo,Birbir town,50.46079,26.447298,11555.5205078125
1037,Ethiopia,South Ethiopia,Gamo,Gerese town,37.395245,23.200098,10769.830078125
1038,Ethiopia,South Ethiopia,Alle,Alle,8.379341,2.1488366,62426.09375
1039,Ethiopia,South Ethiopia,Konso,Karat town,60.405293,27.208727,12805.921875
1040,Ethiopia,South Ethiopia,Konso,Segen Zuria,13.776761,6.189084,38767.8046875
1041,Ethiopia,South Ethiopia,Konso,Karat Zuria,18.251133,9.065067,179846.65625
1042,Ethiopia,South Ethiopia,Konso,Kena,14.936948,5.852505,53265.15625
1043,Ethiopia,South Ethiopia,Konso,Kolme,15.23696,5.4076447,79917.859375
1044,Ethiopia,South Ethiopia,Gofa,Melekoza,8.923371,2.53062,131146.78125
1045,Ethiopia,South Ethiopia,Gofa,Denba Gofa,12.077555,5.368283,110944.421875
1046,Ethiopia,South Ethiopia,Gofa,Zala,10.350751,4.6863837,101913.4921875
1047,Ethiopia,South Ethiopia,Gofa,Uba Debre Tsehay,10.997724,5.129091,101629.9609375
1048,Ethiopia,South Ethiopia,Gofa,Gezei Gofa,11.375576,3.1684792,90640.5859375
1049,Ethiopia,South Ethiopia,Gofa,O'yida,13.2725725,4.385616,48843.06640625
1050,Ethiopia,South Ethiopia,Gofa,Sawla town,54.920128,31.763096,32787.31640625
1051,Ethiopia,South Ethiopia,Gofa,Bulike town,20.627937,11.773903,6415.28857421875
1052,Ethiopia,South Ethiopia,Gofa,Melo Gada,8.659219,1.7920458,26947.48828125
1053,Ethiopia,South Ethiopia,Gofa,Beto town,31.44852,17.912285,5189.005859375
1054,Ethiopia,South Ethiopia,Gofa,Laha town,19.867533,7.593653,2781.45458984375
1055,Ethiopia,South Ethiopia,Basketo,Basketo SP Woreda,9.804414,2.747933,75954.796875
1056,Ethiopia,South Ethiopia,Basketo,Laska town,18.931576,8.5977545,5622.677734375
1057,Ethiopia,South Ethiopia,Amaro,Kele town,37.52893,23.503904,5929.5712890625
1058,Ethiopia,South Ethiopia,Amaro,Amaro,8.122576,4.2269163,219528.859375
1059,Ethiopia,South Ethiopia,Burji,Burji,10.047277,6.7775426,74440.28125
1060,Ethiopia,South Ethiopia,Derashe,Derashe,13.151357,8.744507,105487.03125
1061,Ethiopia,South Ethiopia,Derashe,Gidole town,27.495317,18.655647,10998.126953125
1062,Ethiopia,South Ethiopia,South Omo (Agr),South Ari,9.517771,3.716449,163106.03125
1063,Ethiopia,South Ethiopia,South Omo (Agr),North Ari,15.340459,4.723876,101477.1328125
1064,Ethiopia,South Ethiopia,South Omo (Agr),Jinka town,38.00007,23.367374,30666.0546875
1065,Ethiopia,South Ethiopia,South Omo (Agr),Boko Dawula,11.504618,4.1676564,62447.0625
1066,Ethiopia,South Ethiopia,South Omo (Agr),Wub Ari,9.903542,3.9267504,49913.8515625
1067,Ethiopia,South Ethiopia,South Omo (Agr),Gelila town,31.767328,13.99914,4225.0546875
1068,Ethiopia,South Ethiopia,South Omo (Pas),Salamago,9.498049,4.8097186,42199.83203125
1069,Ethiopia,South Ethiopia,South Omo (Pas),Hamer,7.4071174,3.6421816,84996.671875
1070,Ethiopia,South Ethiopia,South Omo (Pas),Bena Tsemay,5.623465,2.8424532,93827.515625
1071,Ethiopia,South Ethiopia,South Omo (Pas),Dasenech /Kuraz,35.19867,9.881,76662.703125
1072,Ethiopia,South Ethiopia,South Omo (Pas),Malie,6.9761615,2.3329382,118901.6953125
1073,Ethiopia,South Ethiopia,South Omo (Pas),Nyngatom,12.710667,1.9436879,25281.515625
1074,Ethiopia,South Ethiopia,South Omo (Pas),Turmi town,22.957617,14.5050125,2433.50732421875
1075,Ethiopia,Central Ethiopia,Gurage,Abeshege,12.735473,7.0088024,91147.78125
1076,Ethiopia,Central Ethiopia,Gurage,Ezha,8.885073,5.1337147,97096.078125
1077,Ethiopia,Central Ethiopia,Gurage,Gedebano Gutazer Welene,7.6495924,3.0932913,113688.2421875
1078,Ethiopia,Central Ethiopia,Gurage,Endiguagn,12.215725,3.8973083,73880.703125
1079,Ethiopia,Central Ethiopia,Gurage,Gumer,14.3917,9.210034,119249.625
1080,Ethiopia,Central Ethiopia,Gurage,Cheha,11.558925,7.435772,145284.125
1081,Ethiopia,Central Ethiopia,Gurage,Enemor Ener,13.624435,7.8793793,160264.234375
1082,Ethiopia,Central Ethiopia,Gurage,Muhur Na Aklil,11.022478,4.2077765,144207.078125
1083,Ethiopia,Central Ethiopia,Gurage,Geta,14.149224,5.4975886,100091.609375
1084,Ethiopia,Central Ethiopia,Gurage,Welkite town,41.87477,23.436245,42251.64453125
1085,Ethiopia,Central Ethiopia,Gurage,Emdebir town,33.973557,25.324312,13521.4755859375
1086,Ethiopia,Central Ethiopia,Gurage,Enor Ener,12.663248,5.6800766,96747.21875
1087,Ethiopia,Central Ethiopia,Hadiya,Misha,10.800102,4.5717683,95051.703125
1088,Ethiopia,Central Ethiopia,Hadiya,Gombora,12.06949,4.5424185,140066.4375
1089,Ethiopia,Central Ethiopia,Hadiya,Lemmo,11.116626,5.3428125,174686.65625
1090,Ethiopia,Central Ethiopia,Hadiya,Shashogo,14.675875,7.475118,165441.140625
1091,Ethiopia,Central Ethiopia,Hadiya,Misrak Badawacho,14.829264,6.3523664,150724.640625
1092,Ethiopia,Central Ethiopia,Hadiya,Soro,11.669718,3.0994747,186353.71875
1093,Ethiopia,Central Ethiopia,Hadiya,Duna,16.72598,5.7343307,193017.828125
1094,Ethiopia,Central Ethiopia,Hadiya,Analemmo,11.171142,5.6962023,103500.625
1095,Ethiopia,Central Ethiopia,Hadiya,Mirab Badowach,14.047166,6.1846247,113880.375
1096,Ethiopia,Central Ethiopia,Hadiya,Gibe,12.443633,6.760481,168150.8125
1097,Ethiopia,Central Ethiopia,Hadiya,Hosaena town,36.326107,26.554905,102657.578125
1098,Ethiopia,Central Ethiopia,Hadiya,Shone town,47.630005,32.93109,30673.72265625
1099,Ethiopia,Central Ethiopia,Hadiya,Gimbichu town,28.464495,9.367524,5465.18310546875
1100,Ethiopia,Central Ethiopia,Hadiya,Jajura town,21.669506,10.023378,5265.68994140625
1101,Ethiopia,Central Ethiopia,Hadiya,Ameka,10.011686,3.4702582,57076.625
1102,Ethiopia,Central Ethiopia,Hadiya,Siraro Badawacho,12.95062,2.451207,20604.435546875
1103,Ethiopia,Central Ethiopia,Hadiya,Mirab Soro,12.187487,3.4622176,59158.0625
1104,Ethiopia,Central Ethiopia,Alaba,Kulito town,54.97557,28.880175,47663.8203125
1105,Ethiopia,Central Ethiopia,Alaba,Wera,11.848074,4.7179036,132982.78125
1106,Ethiopia,Central Ethiopia,Alaba,Atote Ulo,12.551269,4.280681,67764.296875
1107,Ethiopia,Central Ethiopia,Alaba,Wera Djo,11.705721,3.8979237,120533.8046875
1108,Ethiopia,Central Ethiopia,Silltie,Alicho Woriro,13.51249,6.2428384,136570.734375
1109,Ethiopia,Central Ethiopia,Silltie,Silti,12.130108,6.2435846,167201.40625
1110,Ethiopia,Central Ethiopia,Silltie,Lanfero,9.42208,4.16749,83423.09375
1111,Ethiopia,Central Ethiopia,Silltie,Mierab Azenet Berbere,13.349459,6.563645,91644.03125
1112,Ethiopia,Central Ethiopia,Silltie,Dalocha,9.950346,5.5461082,117135.46875
1113,Ethiopia,Central Ethiopia,Silltie,Sankura,13.277316,6.6075406,113335.171875
1114,Ethiopia,Central Ethiopia,Silltie,Misrak Azenet Berbere,11.019782,3.1659038,87056.28125
1115,Ethiopia,Central Ethiopia,Silltie,Hulbareg,7.5698543,4.3632846,81943.671875
1116,Ethiopia,Central Ethiopia,Silltie,Tora town,18.737745,17.019135,23365.96875
1117,Ethiopia,Central Ethiopia,Silltie,Worabe town,12.010259,9.11515,53962.09375
1118,Ethiopia,Central Ethiopia,Silltie,Kibet town,18.70193,16.651339,47184.96875
1119,Ethiopia,Central Ethiopia,Silltie,Mito,10.350046,5.7611184,68662.203125
1120,Ethiopia,Central Ethiopia,Silltie,Misirak Silti,12.616401,5.4596505,52219.28125
1121,Ethiopia,Central Ethiopia,Yem,Yem,7.0359473,4.3207793,116916.3359375
1122,Ethiopia,Central Ethiopia,East Gurage,Sodo,8.803222,3.6948285,117338.140625
1123,Ethiopia,Central Ethiopia,East Gurage,Meskan,9.305995,4.850207,130032.671875
1124,Ethiopia,Central Ethiopia,East Gurage,Butajira town,37.082977,26.46415,47799.95703125
1125,Ethiopia,Central Ethiopia,East Gurage,Bui town,42.85278,21.372274,11141.72265625
1126,Ethiopia,Central Ethiopia,East Gurage,Misrak Meskan,12.156384,10.2880745,60648.203125
1127,Ethiopia,Central Ethiopia,East Gurage,Debub Sodo,9.220715,6.587386,64471.234375
1128,Ethiopia,Central Ethiopia,Kebena,Kebena,11.1239395,4.8830733,55219.234375
1129,Ethiopia,Central Ethiopia,Kembata,Angacha,15.359658,9.034049,122815.828125
1130,Ethiopia,Central Ethiopia,Kembata,Kediada Gambela,5.909816,6.723203,36061.6953125
1131,Ethiopia,Central Ethiopia,Kembata,Kacha Bira,11.950797,4.8246856,121145.234375
1132,Ethiopia,Central Ethiopia,Kembata,Hadero Tunto,15.804122,7.670617,114453.453125
1133,Ethiopia,Central Ethiopia,Kembata,Doyogena,16.514505,9.64883,123429.40625
1134,Ethiopia,Central Ethiopia,Kembata,Damboya,11.930683,6.297322,99633.1328125
1135,Ethiopia,Central Ethiopia,Kembata,Durame town,99.7012,77.0417,126620.5234375
1136,Ethiopia,Central Ethiopia,Kembata,Adilo,5.317826,5.1093106,16070.4697265625
1137,Ethiopia,Central Ethiopia,Kembata,Shinshincho town,31.200237,17.871035,19094.544921875
1138,Ethiopia,Central Ethiopia,Kembata,Hadero town,34.539196,22.393435,33295.78515625
1139,Ethiopia,Central Ethiopia,Mareko,Mareko,9.086466,4.936671,81460.1640625
1140,Ethiopia,Central Ethiopia,Tembaro,Tembaro,16.07057,7.2126207,176551.28125
